date,net,cash,holdings,cost_basis,starting_cash,margin,mtm,realized,pnls,liquid_value,commissions,charges,day_pnl,gross_leverage,net_leverage,gross_exposure,net_exposure,long_exposure,short_exposure,longs_count,shorts_count,algo_returns,algo_cum_returns,algo_volatility,drawdown,sharpe,strategy_vol,benchmark,benchmark_returns,alpha,beta
2022-01-03 00:00:00+05:30,9961.1800,9961.1800,0.0000,0.0000,10000.0000,0.0000,0.0000,-38.8200,-38.8200,9961.1800,0.0000,0.0000,-38.8200,0.0000,0.0000,0.0000,0.0000,0.0000,0.0000,0,0,-0.0039,-0.0039,0.0619,-0.0039,,,10000.0000,0.0000,,
2022-01-04 00:00:00+05:30,9983.8800,1218.1300,8765.7500,8743.0500,10000.0000,0.0000,22.7000,-38.8200,-16.1200,9983.8800,0.0000,0.0000,22.7000,0.8800,0.8800,8765.7500,8765.7500,8765.7500,0.0000,1,0,0.0023,-0.0016,0.0508,0.0000,,,10097.5314,0.0098,,
2022-01-05 00:00:00+05:30,10144.1800,1218.1300,8926.0500,8743.0500,10000.0000,0.0000,183.0000,-38.8200,144.1800,10144.1800,0.0000,0.0000,160.3000,0.8800,0.8800,8926.0500,8926.0500,8926.0500,0.0000,1,0,0.0161,0.0144,0.1533,0.0000,,,10154.4341,0.0056,,
2022-01-06 00:00:00+05:30,9962.6300,9962.6300,0.0000,0.0000,10000.0000,0.0000,0.0000,-37.3700,-37.3700,9962.6300,0.0000,0.0000,-181.5500,0.0000,0.0000,0.0000,0.0000,0.0000,0.0000,0,0,-0.0179,-0.0037,0.1945,-0.0179,,,10062.7433,-0.0090,,
2022-01-07 00:00:00+05:30,9955.7100,1171.4100,8784.3000,8791.2300,10000.0000,0.0000,-6.9300,-37.3700,-44.2900,9955.7100,0.0000,0.0000,-6.9200,0.8800,0.8800,8784.3000,8784.3000,8784.3000,0.0000,1,0,-0.0007,-0.0044,0.1740,-0.0186,,,10103.6838,0.0041,,
2022-01-10 00:00:00+05:30,10229.7600,1171.4100,9058.3500,8791.2300,10000.0000,0.0000,267.1200,-37.3700,229.7600,10229.7600,0.0000,0.0000,274.0500,0.8900,0.8900,9058.3500,9058.3500,9058.3500,0.0000,1,0,0.0275,0.0230,0.2387,0.0000,,,10209.8626,0.0105,,
2022-01-11 00:00:00+05:30,10174.2300,1214.2300,8960.0000,8918.4700,10000.0000,0.0000,41.5300,132.7000,174.2300,10174.2300,0.0000,0.0000,-55.5300,0.8800,0.8800,8960.0000,8960.0000,8960.0000,0.0000,1,0,-0.0054,0.0174,0.2234,-0.0054,,,10240.2277,0.0030,,
2022-01-12 00:00:00+05:30,10370.4400,10370.4400,0.0000,0.0000,10000.0000,0.0000,0.0000,370.4400,370.4400,10370.4400,0.0000,0.0000,196.2100,0.0000,0.0000,0.0000,0.0000,0.0000,0.0000,0,0,0.0193,0.0370,0.2354,0.0000,,,10318.8199,0.0077,,
2022-01-13 00:00:00+05:30,10370.4400,10370.4400,0.0000,0.0000,10000.0000,0.0000,0.0000,370.4400,370.4400,10370.4400,0.0000,0.0000,0.0000,0.0000,0.0000,0.0000,0.0000,0.0000,0.0000,0,0,0.0000,0.0370,0.2219,0.0000,,,10352.2754,0.0032,,
2022-01-14 00:00:00+05:30,10370.4400,10370.4400,0.0000,0.0000,10000.0000,0.0000,0.0000,370.4400,370.4400,10370.4400,0.0000,0.0000,0.0000,0.0000,0.0000,0.0000,0.0000,0.0000,0.0000,0,0,0.0000,0.0370,0.2105,0.0000,,,10340.3108,-0.0012,,
2022-01-17 00:00:00+05:30,10370.4400,10370.4400,0.0000,0.0000,10000.0000,0.0000,0.0000,370.4400,370.4400,10370.4400,0.0000,0.0000,0.0000,0.0000,0.0000,0.0000,0.0000,0.0000,0.0000,0,0,0.0000,0.0370,0.2007,0.0000,,,10382.3854,0.0041,,
2022-01-18 00:00:00+05:30,10298.9700,561.9700,9737.0000,9726.8000,10000.0000,0.0000,10.2000,288.7800,298.9700,10298.9700,0.0000,0.0000,-71.4700,0.9500,0.9500,9737.0000,9737.0000,9737.0000,0.0000,1,0,-0.0069,0.0299,0.1947,-0.0069,,,10271.3017,-0.0107,,
2022-01-19 00:00:00+05:30,10580.0200,561.9700,10018.0500,9726.8000,10000.0000,0.0000,291.2500,288.7800,580.0200,10580.0200,0.0000,0.0000,281.0500,0.9500,0.9500,10018.0500,10018.0500,10018.0500,0.0000,1,0,0.0273,0.0580,0.2223,0.0000,,,10173.5718,-0.0095,,
2022-01-20 00:00:00+05:30,10571.9700,561.9700,10010.0000,9726.8000,10000.0000,0.0000,283.2000,288.7800,571.9700,10571.9700,0.0000,0.0000,-8.0500,0.9500,0.9500,10010.0000,10010.0000,10010.0000,0.0000,1,0,-0.0008,0.0572,0.2142,-0.0008,,,10083.6955,-0.0088,,
2022-01-21 00:00:00+05:30,10523.6100,597.6100,9926.0000,9820.2000,10000.0000,0.0000,105.8000,417.8200,523.6100,10523.6100,0.0000,0.0000,-48.3600,0.9400,0.9400,9926.0000,9926.0000,9926.0000,0.0000,1,0,-0.0046,0.0524,0.2078,-0.0053,,,10008.5623,-0.0075,,
2022-01-24 00:00:00+05:30,10368.9200,10368.9200,0.0000,0.0000,10000.0000,0.0000,0.0000,368.9200,368.9200,10368.9200,0.0000,0.0000,-154.6900,0.0000,0.0000,0.0000,0.0000,0.0000,0.0000,0,0,-0.0147,0.0369,0.2095,-0.0200,,,9703.4933,-0.0305,,
2022-01-25 00:00:00+05:30,10250.8000,20225.8000,-9975.0000,-9945.3700,10000.0000,0.0000,-29.6300,280.4300,250.8000,10250.8000,0.0000,0.0000,-118.1200,0.9700,-0.9700,9975.0000,-9975.0000,0.0000,9975.0000,0,1,-0.0114,0.0251,0.2079,-0.0311,,,9791.2999,0.0090,,
2022-01-27 00:00:00+05:30,10350.5600,381.1600,9969.4000,9846.0600,10000.0000,0.0000,123.3400,227.2200,350.5600,10350.5600,0.0000,0.0000,99.7600,0.9600,0.9600,9969.4000,9969.4000,9969.4000,0.0000,1,0,0.0097,0.0351,0.2053,-0.0217,,,9724.3888,-0.0068,,
2022-01-28 00:00:00+05:30,10380.1300,10380.1300,0.0000,0.0000,10000.0000,0.0000,0.0000,380.1300,380.1300,10380.1300,0.0000,0.0000,29.5700,0.0000,0.0000,0.0000,0.0000,0.0000,0.0000,0,0,0.0029,0.0380,0.2001,-0.0189,,,9700.0343,-0.0025,,
2022-01-31 00:00:00+05:30,10406.5900,291.5900,10115.0000,10088.5400,10000.0000,0.0000,26.4600,380.1300,406.5900,10406.5900,0.0000,0.0000,26.4600,0.9700,0.9700,10115.0000,10115.0000,10115.0000,0.0000,1,0,0.0025,0.0407,0.1952,-0.0164,,,9831.5599,0.0136,,
2022-02-01 00:00:00+05:30,10389.4400,10389.4400,0.0000,0.0000,10000.0000,0.0000,0.0000,389.4400,389.4400,10389.4400,0.0000,0.0000,-17.1500,0.0000,0.0000,0.0000,0.0000,0.0000,0.0000,0,0,-0.0016,0.0389,0.1906,-0.0180,,,9982.5918,0.0154,,
2022-02-02 00:00:00+05:30,10389.4400,10389.4400,0.0000,0.0000,10000.0000,0.0000,0.0000,389.4400,389.4400,10389.4400,0.0000,0.0000,0.0000,0.0000,0.0000,0.0000,0.0000,0.0000,0.0000,0,0,0.0000,0.0389,0.1862,-0.0180,,,10088.6005,0.0106,,
2022-02-03 00:00:00+05:30,10581.2100,20472.2100,-9891.0000,-10093.9300,10000.0000,0.0000,202.9300,378.2700,581.2100,10581.2100,0.0000,0.0000,191.7700,0.9300,-0.9300,9891.0000,-9891.0000,0.0000,9891.0000,0,1,0.0185,0.0581,0.1921,0.0000,,,9934.7334,-0.0153,,
2022-02-04 00:00:00+05:30,10679.2100,20472.2100,-9793.0000,-10093.9300,10000.0000,0.0000,300.9300,378.2700,679.2100,10679.2100,0.0000,0.0000,98.0000,0.9200,-0.9200,9793.0000,-9793.0000,0.0000,9793.0000,0,1,0.0093,0.0679,0.1905,0.0000,,,9924.9519,-0.0010,,
2022-02-07 00:00:00+05:30,10537.6800,10537.6800,0.0000,0.0000,10000.0000,0.0000,0.0000,537.6800,537.6800,10537.6800,0.0000,0.0000,-141.5300,0.0000,0.0000,0.0000,0.0000,0.0000,0.0000,0,0,-0.0133,0.0538,0.1914,-0.0133,,,9758.8083,-0.0167,,
2022-02-08 00:00:00+05:30,10695.9700,20313.9700,-9618.0000,-9776.2900,10000.0000,0.0000,158.2900,537.6800,695.9700,10695.9700,0.0000,0.0000,158.2900,0.9000,-0.9000,9618.0000,-9618.0000,0.0000,9618.0000,0,1,0.0150,0.0696,0.1934,0.0000,,,9776.0181,0.0018,,
2022-02-09 00:00:00+05:30,10444.7900,10444.7900,0.0000,0.0000,10000.0000,0.0000,0.0000,444.7900,444.7900,10444.7900,0.0000,0.0000,-251.1800,0.0000,0.0000,0.0000,0.0000,0.0000,0.0000,0,0,-0.0235,0.0445,0.2029,-0.0235,,,9907.1467,0.0134,,
2022-02-10 00:00:00+05:30,10444.7900,10444.7900,0.0000,0.0000,10000.0000,0.0000,0.0000,444.7900,444.7900,10444.7900,0.0000,0.0000,0.0000,0.0000,0.0000,0.0000,0.0000,0.0000,0.0000,0,0,0.0000,0.0445,0.1992,-0.0235,,,9972.5551,0.0066,,
2022-02-11 00:00:00+05:30,10444.7900,10444.7900,0.0000,0.0000,10000.0000,0.0000,0.0000,444.7900,444.7900,10444.7900,0.0000,0.0000,0.0000,0.0000,0.0000,0.0000,0.0000,0.0000,0.0000,0,0,0.0000,0.0445,0.1957,-0.0235,,,9835.6710,-0.0137,,
2022-02-14 00:00:00+05:30,10444.7900,10444.7900,0.0000,0.0000,10000.0000,0.0000,0.0000,444.7900,444.7900,10444.7900,0.0000,0.0000,0.0000,0.0000,0.0000,0.0000,0.0000,0.0000,0.0000,0,0,0.0000,0.0445,0.1924,-0.0235,,,9537.4915,-0.0303,,
2022-02-15 00:00:00+05:30,10335.0000,10335.0000,0.0000,0.0000,10000.0000,0.0000,0.0000,335.0000,335.0000,10335.0000,0.0000,0.0000,-109.7900,0.0000,0.0000,0.0000,0.0000,0.0000,0.0000,0,0,-0.0105,0.0335,0.1916,-0.0337,,,9839.2433,0.0316,,
2022-02-16 00:00:00+05:30,10229.7000,10229.7000,0.0000,0.0000,10000.0000,0.0000,0.0000,229.7000,229.7000,10229.7000,0.0000,0.0000,-105.3000,0.0000,0.0000,0.0000,0.0000,0.0000,0.0000,0,0,-0.0102,0.0230,0.1907,-0.0436,,,9805.9012,-0.0034,,
2022-02-17 00:00:00+05:30,10229.7000,10229.7000,0.0000,0.0000,10000.0000,0.0000,0.0000,229.7000,229.7000,10229.7000,0.0000,0.0000,0.0000,0.0000,0.0000,0.0000,0.0000,0.0000,0.0000,0,0,0.0000,0.0230,0.1878,-0.0436,,,9798.5864,-0.0007,,
2022-02-18 00:00:00+05:30,10229.7000,10229.7000,0.0000,0.0000,10000.0000,0.0000,0.0000,229.7000,229.7000,10229.7000,0.0000,0.0000,0.0000,0.0000,0.0000,0.0000,0.0000,0.0000,0.0000,0,0,0.0000,0.0230,0.1850,-0.0436,,,9792.1221,-0.0007,,
2022-02-21 00:00:00+05:30,10229.7000,10229.7000,0.0000,0.0000,10000.0000,0.0000,0.0000,229.7000,229.7000,10229.7000,0.0000,0.0000,0.0000,0.0000,0.0000,0.0000,0.0000,0.0000,0.0000,0,0,0.0000,0.0230,0.1823,-0.0436,,,9756.3984,-0.0036,,
2022-02-22 00:00:00+05:30,10229.7000,10229.7000,0.0000,0.0000,10000.0000,0.0000,0.0000,229.7000,229.7000,10229.7000,0.0000,0.0000,0.0000,0.0000,0.0000,0.0000,0.0000,0.0000,0.0000,0,0,0.0000,0.0230,0.1798,-0.0436,,,9685.4330,-0.0073,,
2022-02-23 00:00:00+05:30,10072.0600,10072.0600,0.0000,0.0000,10000.0000,0.0000,0.0000,72.0600,72.0600,10072.0600,0.0000,0.0000,-157.6400,0.0000,0.0000,0.0000,0.0000,0.0000,0.0000,0,0,-0.0154,0.0072,0.1819,-0.0583,,,9670.7465,-0.0015,,
2022-02-24 00:00:00+05:30,10072.0600,10072.0600,0.0000,0.0000,10000.0000,0.0000,0.0000,72.0600,72.0600,10072.0600,0.0000,0.0000,0.0000,0.0000,0.0000,0.0000,0.0000,0.0000,0.0000,0,0,0.0000,0.0072,0.1795,-0.0583,,,9196.1600,-0.0491,,
2022-02-25 00:00:00+05:30,9952.0000,9952.0000,0.0000,0.0000,10000.0000,0.0000,0.0000,-48.0000,-48.0000,9952.0000,0.0000,0.0000,-120.0600,0.0000,0.0000,0.0000,0.0000,0.0000,0.0000,0,0,-0.0119,-0.0048,0.1797,-0.0696,,,9451.9247,0.0278,,
2022-02-28 00:00:00+05:30,10454.7200,792.2700,9662.4500,9159.7300,10000.0000,0.0000,502.7200,-48.0000,454.7200,10454.7200,0.0000,0.0000,502.7200,0.9200,0.9200,9662.4500,9662.4500,9662.4500,0.0000,1,0,0.0505,0.0455,0.2181,-0.0226,,,9520.3384,0.0072,,
2022-03-02 00:00:00+05:30,10685.5800,913.5800,9772.0000,9685.5300,10000.0000,0.0000,86.4700,599.1100,685.5800,10685.5800,0.0000,0.0000,230.8600,0.9100,0.9100,9772.0000,9772.0000,9772.0000,0.0000,1,0,0.0221,0.0686,0.2223,-0.0010,,,9427.5702,-0.0097,,
2022-03-03 00:00:00+05:30,10751.4600,1077.4600,9674.0000,9633.9000,10000.0000,0.0000,40.1000,711.3700,751.4600,10751.4600,0.0000,0.0000,65.8800,0.9000,0.9000,9674.0000,9674.0000,9674.0000,0.0000,1,0,0.0062,0.0751,0.2202,0.0000,,,9361.1695,-0.0070,,
2022-03-04 00:00:00+05:30,10718.0400,10718.0400,0.0000,0.0000,10000.0000,0.0000,0.0000,718.0400,718.0400,10718.0400,0.0000,0.0000,-33.4200,0.0000,0.0000,0.0000,0.0000,0.0000,0.0000,0,0,-0.0031,0.0718,0.2178,-0.0031,,,9210.7897,-0.0161,,
2022-03-07 00:00:00+05:30,10718.0400,10718.0400,0.0000,0.0000,10000.0000,0.0000,0.0000,718.0400,718.0400,10718.0400,0.0000,0.0000,0.0000,0.0000,0.0000,0.0000,0.0000,0.0000,0.0000,0,0,0.0000,0.0718,0.2153,-0.0031,,,9005.2366,-0.0223,,
2022-03-08 00:00:00+05:30,10718.0400,10718.0400,0.0000,0.0000,10000.0000,0.0000,0.0000,718.0400,718.0400,10718.0400,0.0000,0.0000,0.0000,0.0000,0.0000,0.0000,0.0000,0.0000,0.0000,0,0,0.0000,0.0718,0.2129,-0.0031,,,9082.5529,0.0086,,
2022-03-09 00:00:00+05:30,10718.0400,10718.0400,0.0000,0.0000,10000.0000,0.0000,0.0000,718.0400,718.0400,10718.0400,0.0000,0.0000,0.0000,0.0000,0.0000,0.0000,0.0000,0.0000,0.0000,0,0,0.0000,0.0718,0.2106,-0.0031,,,9280.7344,0.0218,,
2022-03-10 00:00:00+05:30,10718.0400,10718.0400,0.0000,0.0000,10000.0000,0.0000,0.0000,718.0400,718.0400,10718.0400,0.0000,0.0000,0.0000,0.0000,0.0000,0.0000,0.0000,0.0000,0.0000,0,0,0.0000,0.0718,0.2083,-0.0031,,,9393.8028,0.0122,,
2022-03-11 00:00:00+05:30,10718.0400,10718.0400,0.0000,0.0000,10000.0000,0.0000,0.0000,718.0400,718.0400,10718.0400,0.0000,0.0000,0.0000,0.0000,0.0000,0.0000,0.0000,0.0000,0.0000,0,0,0.0000,0.0718,0.2061,-0.0031,,,9424.5365,0.0033,,
2022-03-14 00:00:00+05:30,10718.0400,10718.0400,0.0000,0.0000,10000.0000,0.0000,0.0000,718.0400,718.0400,10718.0400,0.0000,0.0000,0.0000,0.0000,0.0000,0.0000,0.0000,0.0000,0.0000,0,0,0.0000,0.0718,0.2040,-0.0031,,,9575.3132,0.0160,,
2022-03-15 00:00:00+05:30,10718.0400,10718.0400,0.0000,0.0000,10000.0000,0.0000,0.0000,718.0400,718.0400,10718.0400,0.0000,0.0000,0.0000,0.0000,0.0000,0.0000,0.0000,0.0000,0.0000,0,0,0.0000,0.0718,0.2019,-0.0031,,,9438.4291,-0.0143,,
2022-03-16 00:00:00+05:30,10718.0400,10718.0400,0.0000,0.0000,10000.0000,0.0000,0.0000,718.0400,718.0400,10718.0400,0.0000,0.0000,0.0000,0.0000,0.0000,0.0000,0.0000,0.0000,0.0000,0,0,0.0000,0.0718,0.1999,-0.0031,,,9620.6483,0.0193,,
2022-03-17 00:00:00+05:30,10670.8900,10670.8900,0.0000,0.0000,10000.0000,0.0000,0.0000,670.8900,670.8900,10670.8900,0.0000,0.0000,-47.1500,0.0000,0.0000,0.0000,0.0000,0.0000,0.0000,0,0,-0.0044,0.0671,0.1982,-0.0075,,,9809.5019,0.0196,,
2022-03-21 00:00:00+05:30,10670.8900,10670.8900,0.0000,0.0000,10000.0000,0.0000,0.0000,670.8900,670.8900,10670.8900,0.0000,0.0000,0.0000,0.0000,0.0000,0.0000,0.0000,0.0000,0.0000,0,0,0.0000,0.0671,0.1963,-0.0075,,,9704.2871,-0.0107,,
2022-03-22 00:00:00+05:30,10670.8900,10670.8900,0.0000,0.0000,10000.0000,0.0000,0.0000,670.8900,670.8900,10670.8900,0.0000,0.0000,0.0000,0.0000,0.0000,0.0000,0.0000,0.0000,0.0000,0,0,0.0000,0.0671,0.1945,-0.0075,,,9826.7400,0.0126,,
2022-03-23 00:00:00+05:30,10913.0700,20755.0700,-9842.0000,-10084.1800,10000.0000,0.0000,242.1800,670.8900,913.0700,10913.0700,0.0000,0.0000,242.1800,0.9000,-0.9000,9842.0000,-9842.0000,0.0000,9842.0000,0,1,0.0227,0.0913,0.1988,0.0000,,,9766.4917,-0.0061,,
2022-03-24 00:00:00+05:30,10732.5700,10732.5700,0.0000,0.0000,10000.0000,0.0000,0.0000,732.5700,732.5700,10732.5700,0.0000,0.0000,-180.5000,0.0000,0.0000,0.0000,0.0000,0.0000,0.0000,0,0,-0.0165,0.0733,0.2001,-0.0165,,,9751.6069,-0.0015,,
2022-03-25 00:00:00+05:30,10732.5700,10732.5700,0.0000,0.0000,10000.0000,0.0000,0.0000,732.5700,732.5700,10732.5700,0.0000,0.0000,0.0000,0.0000,0.0000,0.0000,0.0000,0.0000,0.0000,0,0,0.0000,0.0733,0.1983,-0.0165,,,9740.6346,-0.0011,,
2022-03-28 00:00:00+05:30,10732.5700,10732.5700,0.0000,0.0000,10000.0000,0.0000,0.0000,732.5700,732.5700,10732.5700,0.0000,0.0000,0.0000,0.0000,0.0000,0.0000,0.0000,0.0000,0.0000,0,0,0.0000,0.0733,0.1966,-0.0165,,,9761.4734,0.0021,,
2022-03-29 00:00:00+05:30,10690.3000,10690.3000,0.0000,0.0000,10000.0000,0.0000,0.0000,690.3000,690.3000,10690.3000,0.0000,0.0000,-42.2700,0.0000,0.0000,0.0000,0.0000,0.0000,0.0000,0,0,-0.0039,0.0690,0.1951,-0.0204,,,9830.1139,0.0070,,
2022-03-30 00:00:00+05:30,10690.3000,10690.3000,0.0000,0.0000,10000.0000,0.0000,0.0000,690.3000,690.3000,10690.3000,0.0000,0.0000,0.0000,0.0000,0.0000,0.0000,0.0000,0.0000,0.0000,0,0,0.0000,0.0690,0.1935,-0.0204,1.5419,0.1942,9907.1467,0.0078,,
2022-03-31 00:00:00+05:30,10690.3000,10690.3000,0.0000,0.0000,10000.0000,0.0000,0.0000,690.3000,690.3000,10690.3000,0.0000,0.0000,0.0000,0.0000,0.0000,0.0000,0.0000,0.0000,0.0000,0,0,0.0000,0.0690,0.1919,-0.0204,1.6286,0.1939,9905.5307,-0.0002,0.001167858286546022,-0.017044645110228317
2022-04-01 00:00:00+05:30,10690.3000,10690.3000,0.0000,0.0000,10000.0000,0.0000,0.0000,690.3000,690.3000,10690.3000,0.0000,0.0000,0.0000,0.0000,0.0000,0.0000,0.0000,0.0000,0.0000,0,0,0.0000,0.0690,0.1903,-0.0204,1.5787,0.1939,10030.0533,0.0126,0.001235461095895887,-0.018098984431879947
2022-04-04 00:00:00+05:30,10690.3000,10690.3000,0.0000,0.0000,10000.0000,0.0000,0.0000,690.3000,690.3000,10690.3000,0.0000,0.0000,0.0000,0.0000,0.0000,0.0000,0.0000,0.0000,0.0000,0,0,0.0000,0.0690,0.1888,-0.0204,1.2460,0.1915,10227.2141,0.0197,0.0012014232365802834,-0.020448238947833163
2022-04-05 00:00:00+05:30,10669.4500,1382.0500,9287.4000,9308.2600,10000.0000,0.0000,-20.8600,690.3000,669.4500,10669.4500,0.0000,0.0000,-20.8500,0.8700,0.8700,9287.4000,9287.4000,9287.4000,0.0000,1,0,-0.0020,0.0669,0.1874,-0.0223,1.6285,0.1875,10167.5045,-0.0058,0.0009014836276201368,-0.025593706921283727
2022-04-06 00:00:00+05:30,10622.0600,10622.0600,0.0000,0.0000,10000.0000,0.0000,0.0000,622.0600,622.0600,10622.0600,0.0000,0.0000,-47.3900,0.0000,0.0000,0.0000,0.0000,0.0000,0.0000,0,0,-0.0044,0.0622,0.1862,-0.0267,1.5430,0.1878,10092.9667,-0.0073,0.001125147923389892,-0.03653746742874203
2022-04-07 00:00:00+05:30,10675.9300,10675.9300,0.0000,0.0000,10000.0000,0.0000,0.0000,675.9300,675.9300,10675.9300,0.0000,0.0000,53.8700,0.0000,0.0000,0.0000,0.0000,0.0000,0.0000,0,0,0.0051,0.0676,0.1851,-0.0217,1.0883,0.1798,10011.2274,-0.0081,0.0012128502302807427,-0.03838931187864665
2022-04-08 00:00:00+05:30,10675.9300,10675.9300,0.0000,0.0000,10000.0000,0.0000,0.0000,675.9300,675.9300,10675.9300,0.0000,0.0000,0.0000,0.0000,0.0000,0.0000,0.0000,0.0000,0.0000,0,0,0.0000,0.0676,0.1837,-0.0217,1.2175,0.1794,10093.5337,0.0082,0.0007585220198338875,-0.062144394058679046
2022-04-11 00:00:00+05:30,10675.9300,10675.9300,0.0000,0.0000,10000.0000,0.0000,0.0000,675.9300,675.9300,10675.9300,0.0000,0.0000,0.0000,0.0000,0.0000,0.0000,0.0000,0.0000,0.0000,0,0,0.0000,0.0676,0.1823,-0.0217,0.7838,0.1752,10025.1200,-0.0068,0.0008376546963029274,-0.05994522509066572
2022-04-12 00:00:00+05:30,10663.3800,10663.3800,0.0000,0.0000,10000.0000,0.0000,0.0000,663.3800,663.3800,10663.3800,0.0000,0.0000,-12.5500,0.0000,0.0000,0.0000,0.0000,0.0000,0.0000,0,0,-0.0012,0.0663,0.1810,-0.0229,0.7549,0.1753,9934.5632,-0.0090,0.00047951560456748057,-0.07080142407927596
2022-04-13 00:00:00+05:30,10663.3800,10663.3800,0.0000,0.0000,10000.0000,0.0000,0.0000,663.3800,663.3800,10663.3800,0.0000,0.0000,0.0000,0.0000,0.0000,0.0000,0.0000,0.0000,0.0000,0,0,0.0000,0.0663,0.1797,-0.0229,0.7549,0.1753,9904.7935,-0.0030,0.00047240700646768337,-0.07058861182803938
2022-04-18 00:00:00+05:30,10663.3800,10663.3800,0.0000,0.0000,10000.0000,0.0000,0.0000,663.3800,663.3800,10663.3800,0.0000,0.0000,0.0000,0.0000,0.0000,0.0000,0.0000,0.0000,0.0000,0,0,0.0000,0.0663,0.1784,-0.0229,0.7549,0.1753,9745.0859,-0.0161,0.00045678302262973147,-0.06863419714707981
2022-04-19 00:00:00+05:30,10590.4000,10590.4000,0.0000,0.0000,10000.0000,0.0000,0.0000,590.4000,590.4000,10590.4000,0.0000,0.0000,-72.9800,0.0000,0.0000,0.0000,0.0000,0.0000,0.0000,0,0,-0.0068,0.0590,0.1776,-0.0296,0.7574,0.1752,9565.3900,-0.0184,0.0003342840919098519,-0.05707712452925282
2022-04-20 00:00:00+05:30,10412.1900,10412.1900,0.0000,0.0000,10000.0000,0.0000,0.0000,412.1900,412.1900,10412.1900,0.0000,0.0000,-178.2100,0.0000,0.0000,0.0000,0.0000,0.0000,0.0000,0,0,-0.0168,0.0412,0.1791,-0.0459,-0.3094,0.1697,9724.5589,0.0166,0.0001756959511397662,-0.08478945178304231
2022-04-21 00:00:00+05:30,10529.1900,18905.4400,-8376.2500,-8493.2500,10000.0000,0.0000,117.0000,412.1900,529.1900,10529.1900,0.0000,0.0000,117.0000,0.8000,-0.8000,8376.2500,-8376.2500,0.0000,8376.2500,0,1,0.0112,0.0529,0.1791,-0.0352,-0.0123,0.1713,9866.6032,0.0146,-4.199572401602985e-05,-0.05251200587219666
2022-04-22 00:00:00+05:30,10588.4500,18998.2000,-8409.7500,-8629.0300,10000.0000,0.0000,219.2800,369.1700,588.4500,10588.4500,0.0000,0.0000,59.2600,0.7900,-0.7900,8409.7500,-8409.7500,0.0000,8409.7500,0,1,0.0056,0.0588,0.1782,-0.0297,0.2377,0.1714,9735.8431,-0.0133,5.652897159509618e-05,-0.05806527155011901
2022-04-25 00:00:00+05:30,10840.7000,18998.2000,-8157.5000,-8629.0300,10000.0000,0.0000,471.5300,369.1700,840.7000,10840.7000,0.0000,0.0000,252.2500,0.7500,-0.7500,8157.5000,-8157.5000,0.0000,8157.5000,0,1,0.0238,0.0841,0.1823,-0.0066,1.1552,0.1752,9630.2030,-0.0109,0.0005081023757681578,-0.078683962354116
2022-04-26 00:00:00+05:30,10755.1800,20618.5800,-9863.4000,-9969.9500,10000.0000,0.0000,106.5500,648.6200,755.1800,10755.1800,0.0000,0.0000,-85.5200,0.9200,-0.9200,9863.4000,-9863.4000,0.0000,9863.4000,0,1,-0.0079,0.0755,0.1817,-0.0145,1.2455,0.1743,9753.9601,0.0129,0.0006849865796392855,-0.12921737510360903
2022-04-27 00:00:00+05:30,10790.5800,20618.5800,-9828.0000,-9969.9500,10000.0000,0.0000,141.9500,648.6200,790.5800,10790.5800,0.0000,0.0000,35.4000,0.9100,-0.9100,9828.0000,-9828.0000,0.0000,9828.0000,0,1,0.0033,0.0791,0.1806,-0.0112,1.0969,0.1734,9661.0785,-0.0095,0.0008874354843869313,-0.1222830129711904
2022-04-28 00:00:00+05:30,10884.9500,20652.9500,-9768.0000,-9796.5700,10000.0000,0.0000,28.5700,856.3800,884.9500,10884.9500,0.0000,0.0000,94.3700,0.9000,-0.9000,9768.0000,-9768.0000,0.0000,9768.0000,0,1,0.0087,0.0885,0.1801,-0.0026,1.2323,0.1742,9770.9147,0.0114,0.0009052388026731657,-0.10970118880445662
2022-04-29 00:00:00+05:30,10897.7900,10897.7900,0.0000,0.0000,10000.0000,0.0000,0.0000,897.7900,897.7900,10897.7900,0.0000,0.0000,12.8400,0.0000,0.0000,0.0000,0.0000,0.0000,0.0000,0,0,0.0012,0.0898,0.1790,-0.0014,1.2012,0.1741,9703.0113,-0.0069,0.0008693087417933099,-0.10908600611801275
2022-05-02 00:00:00+05:30,10897.7900,10897.7900,0.0000,0.0000,10000.0000,0.0000,0.0000,897.7900,897.7900,10897.7900,0.0000,0.0000,0.0000,0.0000,0.0000,0.0000,0.0000,0.0000,0.0000,0,0,0.0000,0.0898,0.1779,-0.0014,1.2402,0.1741,9676.4170,-0.0027,0.0007986750386406019,-0.11225805707426581
2022-05-04 00:00:00+05:30,10897.7900,10897.7900,0.0000,0.0000,10000.0000,0.0000,0.0000,897.7900,897.7900,10897.7900,0.0000,0.0000,0.0000,0.0000,0.0000,0.0000,0.0000,0.0000,0.0000,0,0,0.0000,0.0898,0.1768,-0.0014,1.2402,0.1741,9466.6111,-0.0217,0.0007614623372549296,-0.10607605501750131
2022-05-05 00:00:00+05:30,10897.7900,10897.7900,0.0000,0.0000,10000.0000,0.0000,0.0000,897.7900,897.7900,10897.7900,0.0000,0.0000,0.0000,0.0000,0.0000,0.0000,0.0000,0.0000,0.0000,0,0,0.0000,0.0898,0.1757,-0.0014,0.8122,0.1701,9452.1515,-0.0015,0.0007400551249712836,-0.10637114695126387
2022-05-06 00:00:00+05:30,10897.7900,10897.7900,0.0000,0.0000,10000.0000,0.0000,0.0000,897.7900,897.7900,10897.7900,0.0000,0.0000,0.0000,0.0000,0.0000,0.0000,0.0000,0.0000,0.0000,0,0,0.0000,0.0898,0.1747,-0.0014,0.5859,0.1692,9321.1929,-0.0139,0.00045871354342885776,-0.08565449877735087
2022-05-09 00:00:00+05:30,10897.7900,10897.7900,0.0000,0.0000,10000.0000,0.0000,0.0000,897.7900,897.7900,10897.7900,0.0000,0.0000,0.0000,0.0000,0.0000,0.0000,0.0000,0.0000,0.0000,0,0,0.0000,0.0898,0.1737,-0.0014,0.9295,0.1667,9247.5624,-0.0079,0.00029714537939997776,-0.08508537283546908
2022-05-10 00:00:00+05:30,10897.7900,10897.7900,0.0000,0.0000,10000.0000,0.0000,0.0000,897.7900,897.7900,10897.7900,0.0000,0.0000,0.0000,0.0000,0.0000,0.0000,0.0000,0.0000,0.0000,0,0,0.0000,0.0898,0.1727,-0.0014,0.5608,0.1640,9190.4896,-0.0062,0.00051323171127437,-0.1040172979439215
2022-05-11 00:00:00+05:30,10872.9200,10872.9200,0.0000,0.0000,10000.0000,0.0000,0.0000,872.9200,872.9200,10872.9200,0.0000,0.0000,-24.8700,0.0000,0.0000,0.0000,0.0000,0.0000,0.0000,0,0,-0.0023,0.0873,0.1717,-0.0037,1.1572,0.1564,9187.3708,-0.0003,0.00022300143266127065,-0.10733408706327914
2022-05-12 00:00:00+05:30,10872.9200,10872.9200,0.0000,0.0000,10000.0000,0.0000,0.0000,872.9200,872.9200,10872.9200,0.0000,0.0000,0.0000,0.0000,0.0000,0.0000,0.0000,0.0000,0.0000,0,0,0.0000,0.0873,0.1707,-0.0037,1.1572,0.1564,8974.2761,-0.0232,0.0005908792738973459,-0.07630228064128122
2022-05-13 00:00:00+05:30,10872.9200,10872.9200,0.0000,0.0000,10000.0000,0.0000,0.0000,872.9200,872.9200,10872.9200,0.0000,0.0000,0.0000,0.0000,0.0000,0.0000,0.0000,0.0000,0.0000,0,0,0.0000,0.0873,0.1697,-0.0037,1.1572,0.1564,8940.6505,-0.0037,0.0005782737629256075,-0.0761007909712501
2022-05-16 00:00:00+05:30,10872.9200,10872.9200,0.0000,0.0000,10000.0000,0.0000,0.0000,872.9200,872.9200,10872.9200,0.0000,0.0000,0.0000,0.0000,0.0000,0.0000,0.0000,0.0000,0.0000,0,0,0.0000,0.0873,0.1688,-0.0037,1.1572,0.1564,8995.8521,0.0062,0.0006008222522620554,-0.07777660957414365
2022-05-17 00:00:00+05:30,10872.9200,10872.9200,0.0000,0.0000,10000.0000,0.0000,0.0000,872.9200,872.9200,10872.9200,0.0000,0.0000,0.0000,0.0000,0.0000,0.0000,0.0000,0.0000,0.0000,0,0,0.0000,0.0873,0.1679,-0.0037,1.4554,0.1547,9231.7136,0.0262,0.0006711489444382113,-0.08183743182137004
2022-05-18 00:00:00+05:30,10872.9200,10872.9200,0.0000,0.0000,10000.0000,0.0000,0.0000,872.9200,872.9200,10872.9200,0.0000,0.0000,0.0000,0.0000,0.0000,0.0000,0.0000,0.0000,0.0000,0,0,0.0000,0.0873,0.1670,-0.0037,1.7518,0.1530,9218.1045,-0.0015,0.000823079899435021,-0.05700534959519946
2022-05-19 00:00:00+05:30,10872.9200,10872.9200,0.0000,0.0000,10000.0000,0.0000,0.0000,872.9200,872.9200,10872.9200,0.0000,0.0000,0.0000,0.0000,0.0000,0.0000,0.0000,0.0000,0.0000,0,0,0.0000,0.0873,0.1661,-0.0037,1.7518,0.1530,8975.7504,-0.0263,0.0009728649263233758,-0.0540633127585358
2022-05-20 00:00:00+05:30,10872.9200,10872.9200,0.0000,0.0000,10000.0000,0.0000,0.0000,872.9200,872.9200,10872.9200,0.0000,0.0000,0.0000,0.0000,0.0000,0.0000,0.0000,0.0000,0.0000,0,0,0.0000,0.0873,0.1652,-0.0037,1.7518,0.1530,9231.9687,0.0285,0.0009999762634343638,-0.05274184045057149
2022-05-23 00:00:00+05:30,10872.9200,10872.9200,0.0000,0.0000,10000.0000,0.0000,0.0000,872.9200,872.9200,10872.9200,0.0000,0.0000,0.0000,0.0000,0.0000,0.0000,0.0000,0.0000,0.0000,0,0,0.0000,0.0873,0.1643,-0.0037,1.7518,0.1530,9181.3602,-0.0055,0.0009962622203990765,-0.052262480533690724
2022-05-24 00:00:00+05:30,10845.6700,1960.6700,8885.0000,8858.9000,10000.0000,0.0000,26.1000,819.5700,845.6700,10845.6700,0.0000,0.0000,-27.2500,0.8200,0.8200,8885.0000,8885.0000,8885.0000,0.0000,1,0,-0.0025,0.0846,0.1635,-0.0062,1.6814,0.1531,9151.7889,-0.0032,0.0009560228142484971,-0.05186153830378319
2022-05-25 00:00:00+05:30,10894.3600,10894.3600,0.0000,0.0000,10000.0000,0.0000,0.0000,894.3600,894.3600,10894.3600,0.0000,0.0000,48.6900,0.0000,0.0000,0.0000,0.0000,0.0000,0.0000,0,0,0.0045,0.0894,0.1628,-0.0017,2.2828,0.1494,9094.1206,-0.0063,0.0010287553386639388,-0.05387339055625548
2022-05-26 00:00:00+05:30,10813.4900,21463.4900,-10650.0000,-10569.1300,10000.0000,0.0000,-80.8700,894.3600,813.4900,10813.4900,0.0000,0.0000,-80.8700,0.9800,-0.9800,10650.0000,-10650.0000,0.0000,10650.0000,0,1,-0.0074,0.0813,0.1624,-0.0091,2.0603,0.1504,9186.9739,0.0102,0.001164623353500053,-0.061545501624208375
2022-05-27 00:00:00+05:30,10693.2500,10693.2500,0.0000,0.0000,10000.0000,0.0000,0.0000,693.2500,693.2500,10693.2500,0.0000,0.0000,-120.2400,0.0000,0.0000,0.0000,0.0000,0.0000,0.0000,0,0,-0.0111,0.0693,0.1625,-0.0201,2.0866,0.1502,9274.6104,0.0095,0.0010484974724188356,-0.0911733461474316
2022-05-30 00:00:00+05:30,10693.2500,10693.2500,0.0000,0.0000,10000.0000,0.0000,0.0000,693.2500,693.2500,10693.2500,0.0000,0.0000,0.0000,0.0000,0.0000,0.0000,0.0000,0.0000,0.0000,0,0,0.0000,0.0693,0.1617,-0.0201,0.9237,0.1096,9451.5845,0.0191,0.0012280766862920373,-0.06165840048653483
2022-05-31 00:00:00+05:30,10693.2500,10693.2500,0.0000,0.0000,10000.0000,0.0000,0.0000,693.2500,693.2500,10693.2500,0.0000,0.0000,0.0000,0.0000,0.0000,0.0000,0.0000,0.0000,0.0000,0,0,0.0000,0.0693,0.1609,-0.0201,0.0842,0.0998,9400.5790,-0.0054,0.00038308912878756485,-0.09672353030944615
2022-06-01 00:00:00+05:30,10923.3600,10923.3600,0.0000,0.0000,10000.0000,0.0000,0.0000,923.3600,923.3600,10923.3600,0.0000,0.0000,230.1100,0.0000,0.0000,0.0000,0.0000,0.0000,0.0000,0,0,0.0215,0.0923,0.1636,0.0000,0.6702,0.1084,9379.3432,-0.0023,0.0003851415580194266,-0.08137777851019162
2022-06-02 00:00:00+05:30,10923.3600,10923.3600,0.0000,0.0000,10000.0000,0.0000,0.0000,923.3600,923.3600,10923.3600,0.0000,0.0000,0.0000,0.0000,0.0000,0.0000,0.0000,0.0000,0.0000,0,0,0.0000,0.0923,0.1628,0.0000,0.7920,0.1082,9434.1195,0.0058,0.0002998884106368863,-0.0775620705466056
2022-06-03 00:00:00+05:30,10923.3600,10923.3600,0.0000,0.0000,10000.0000,0.0000,0.0000,923.3600,923.3600,10923.3600,0.0000,0.0000,0.0000,0.0000,0.0000,0.0000,0.0000,0.0000,0.0000,0,0,0.0000,0.0923,0.1620,0.0000,0.7920,0.1082,9404.1230,-0.0032,0.00037028449583743336,-0.08514497423793142
2022-06-06 00:00:00+05:30,10923.3600,10923.3600,0.0000,0.0000,10000.0000,0.0000,0.0000,923.3600,923.3600,10923.3600,0.0000,0.0000,0.0000,0.0000,0.0000,0.0000,0.0000,0.0000,0.0000,0,0,0.0000,0.0923,0.1612,0.0000,0.7920,0.1082,9392.3001,-0.0013,0.00040390996710308504,-0.09066498753252106
2022-06-07 00:00:00+05:30,11052.9600,20530.4600,-9477.5000,-9607.1100,10000.0000,0.0000,129.6100,923.3600,1052.9600,11052.9600,0.0000,0.0000,129.6000,0.8600,-0.8600,9477.5000,-9477.5000,0.0000,9477.5000,0,1,0.0119,0.1053,0.1615,0.0000,1.2250,0.1107,9302.2537,-0.0096,0.0005774817957400544,-0.10240670216355964
2022-06-08 00:00:00+05:30,11310.9600,20530.4600,-9219.5000,-9607.1100,10000.0000,0.0000,387.6100,923.3600,1310.9600,11310.9600,0.0000,0.0000,258.0000,0.8200,-0.8200,9219.5000,-9219.5000,0.0000,9219.5000,0,1,0.0233,0.1311,0.1647,0.0000,1.9435,0.1202,9262.8726,-0.0042,0.000916319791812797,-0.1171426537865469
2022-06-09 00:00:00+05:30,11200.3300,11200.3300,0.0000,0.0000,10000.0000,0.0000,0.0000,1200.3300,1200.3300,11200.3300,0.0000,0.0000,-110.6300,0.0000,0.0000,0.0000,0.0000,0.0000,0.0000,0,0,-0.0098,0.1200,0.1646,-0.0098,1.5749,0.1221,9345.8877,0.0090,0.0007493582350910957,-0.12765164700204068
2022-06-10 00:00:00+05:30,11200.3300,11200.3300,0.0000,0.0000,10000.0000,0.0000,0.0000,1200.3300,1200.3300,11200.3300,0.0000,0.0000,0.0000,0.0000,0.0000,0.0000,0.0000,0.0000,0.0000,0,0,0.0000,0.1200,0.1638,-0.0098,1.5749,0.1221,9181.2468,-0.0176,0.0007076973710413588,-0.12185690226599875
2022-06-13 00:00:00+05:30,11205.1400,11205.1400,0.0000,0.0000,10000.0000,0.0000,0.0000,1205.1400,1205.1400,11205.1400,0.0000,0.0000,4.8100,0.0000,0.0000,0.0000,0.0000,0.0000,0.0000,0,0,0.0004,0.1205,0.1631,-0.0094,1.5888,0.1221,8959.8165,-0.0241,0.0006399101781701824,-0.11612956786316671
2022-06-14 00:00:00+05:30,11205.1400,11205.1400,0.0000,0.0000,10000.0000,0.0000,0.0000,1205.1400,1205.1400,11205.1400,0.0000,0.0000,0.0000,0.0000,0.0000,0.0000,0.0000,0.0000,0.0000,0,0,0.0000,0.1205,0.1624,-0.0094,1.5888,0.1221,8926.3610,-0.0037,0.000657490309736573,-0.11914326512021184
2022-06-15 00:00:00+05:30,11176.4900,11176.4900,0.0000,0.0000,10000.0000,0.0000,0.0000,1176.4900,1176.4900,11176.4900,0.0000,0.0000,-28.6500,0.0000,0.0000,0.0000,0.0000,0.0000,0.0000,0,0,-0.0026,0.1176,0.1617,-0.0119,1.6544,0.1219,8896.2793,-0.0034,0.0005670419883745008,-0.12206462752690488
2022-06-16 00:00:00+05:30,11176.4900,11176.4900,0.0000,0.0000,10000.0000,0.0000,0.0000,1176.4900,1176.4900,11176.4900,0.0000,0.0000,0.0000,0.0000,0.0000,0.0000,0.0000,0.0000,0.0000,0,0,0.0000,0.1176,0.1610,-0.0119,1.6544,0.1219,8703.0878,-0.0217,0.0005820245727007768,-0.10851144769312454
2022-06-17 00:00:00+05:30,11127.3200,11127.3200,0.0000,0.0000,10000.0000,0.0000,0.0000,1127.3200,1127.3200,11127.3200,0.0000,0.0000,-49.1700,0.0000,0.0000,0.0000,0.0000,0.0000,0.0000,0,0,-0.0044,0.1127,0.1604,-0.0162,1.4971,0.1223,8695.9431,-0.0008,0.0005234914836879439,-0.11084199854198061
2022-06-20 00:00:00+05:30,10632.2700,288.8700,10343.4000,10714.3200,10000.0000,0.0000,-370.9200,1003.1900,632.2700,10632.2700,0.0000,0.0000,-495.0500,0.9700,0.9700,10343.4000,10343.4000,10343.4000,0.0000,1,0,-0.0445,0.0632,0.1728,-0.0600,-0.6789,0.1460,8714.8256,0.0022,-0.00026839617149441883,-0.13372066256194223
2022-06-21 00:00:00+05:30,11118.8700,288.8700,10830.0000,10714.3200,10000.0000,0.0000,115.6800,1003.1900,1118.8700,11118.8700,0.0000,0.0000,486.6000,0.9700,0.9700,10830.0000,10830.0000,10830.0000,0.0000,1,0,0.0458,0.1119,0.1848,-0.0170,0.9537,0.1704,8865.2337,0.0173,0.0003341827611334449,-0.019659294937673263
2022-06-22 00:00:00+05:30,11002.7300,11002.7300,0.0000,0.0000,10000.0000,0.0000,0.0000,1002.7300,1002.7300,11002.7300,0.0000,0.0000,-116.1400,0.0000,0.0000,0.0000,0.0000,0.0000,0.0000,0,0,-0.0104,0.1003,0.1846,-0.0273,0.6914,0.1719,8733.0844,-0.0149,0.00045840516481344035,-0.0031910373681672197
2022-06-23 00:00:00+05:30,11002.7300,11002.7300,0.0000,0.0000,10000.0000,0.0000,0.0000,1002.7300,1002.7300,11002.7300,0.0000,0.0000,0.0000,0.0000,0.0000,0.0000,0.0000,0.0000,0.0000,0,0,0.0000,0.1003,0.1838,-0.0273,0.6914,0.1719,8833.1391,0.0115,0.0004581859300599331,-0.00376584467120954
2022-06-24 00:00:00+05:30,11002.7300,11002.7300,0.0000,0.0000,10000.0000,0.0000,0.0000,1002.7300,1002.7300,11002.7300,0.0000,0.0000,0.0000,0.0000,0.0000,0.0000,0.0000,0.0000,0.0000,0,0,0.0000,0.1003,0.1830,-0.0273,0.7878,0.1717,8901.9781,0.0078,0.0004581720704791986,-0.0040189516818895194
2022-06-27 00:00:00+05:30,11002.7300,11002.7300,0.0000,0.0000,10000.0000,0.0000,0.0000,1002.7300,1002.7300,11002.7300,0.0000,0.0000,0.0000,0.0000,0.0000,0.0000,0.0000,0.0000,0.0000,0,0,0.0000,0.1003,0.1822,-0.0273,0.7878,0.1717,8979.7481,0.0087,0.0005270874498476833,-0.0005558207713630889
2022-06-28 00:00:00+05:30,11002.7300,11002.7300,0.0000,0.0000,10000.0000,0.0000,0.0000,1002.7300,1002.7300,11002.7300,0.0000,0.0000,0.0000,0.0000,0.0000,0.0000,0.0000,0.0000,0.0000,0,0,0.0000,0.1003,0.1814,-0.0273,0.7878,0.1717,9001.6643,0.0024,0.0005274925492930031,-0.00025182419959311693
2022-06-29 00:00:00+05:30,11002.7300,11002.7300,0.0000,0.0000,10000.0000,0.0000,0.0000,1002.7300,1002.7300,11002.7300,0.0000,0.0000,0.0000,0.0000,0.0000,0.0000,0.0000,0.0000,0.0000,0,0,0.0000,0.1003,0.1807,-0.0273,0.7878,0.1717,8950.0350,-0.0057,0.0005279741838329553,6.642747167966612e-05
2022-06-30 00:00:00+05:30,11002.7300,11002.7300,0.0000,0.0000,10000.0000,0.0000,0.0000,1002.7300,1002.7300,11002.7300,0.0000,0.0000,0.0000,0.0000,0.0000,0.0000,0.0000,0.0000,0.0000,0,0,0.0000,0.1003,0.1800,-0.0273,0.7878,0.1717,8922.9304,-0.0030,0.000529668843390306,0.000977518182156276
2022-07-01 00:00:00+05:30,11002.7300,11002.7300,0.0000,0.0000,10000.0000,0.0000,0.0000,1002.7300,1002.7300,11002.7300,0.0000,0.0000,0.0000,0.0000,0.0000,0.0000,0.0000,0.0000,0.0000,0,0,0.0000,0.1003,0.1793,-0.0273,0.8371,0.1716,8938.8643,0.0018,0.0005324071212254285,0.002126289705098958
2022-07-04 00:00:00+05:30,10811.4300,21521.1300,-10709.7000,-10611.1600,10000.0000,0.0000,-98.5400,909.9600,811.4300,10811.4300,0.0000,0.0000,-191.3000,0.9900,-0.9900,10709.7000,-10709.7000,0.0000,10709.7000,0,1,-0.0174,0.0811,0.1803,-0.0442,0.5081,0.1752,8975.8071,0.0041,0.0002523417271459769,-0.011704357732307139
2022-07-05 00:00:00+05:30,10643.9400,1844.1900,8799.7500,8808.9300,10000.0000,0.0000,-9.1800,653.1200,643.9400,10643.9400,0.0000,0.0000,-167.4900,0.8300,0.8300,8799.7500,8799.7500,8799.7500,0.0000,1,0,-0.0155,0.0644,0.1809,-0.0590,0.0142,0.1779,8959.2495,-0.0018,6.56496397726387e-05,-0.014775955814854684
2022-07-06 00:00:00+05:30,10605.8800,10605.8800,0.0000,0.0000,10000.0000,0.0000,0.0000,605.8800,605.8800,10605.8800,0.0000,0.0000,-38.0600,0.0000,0.0000,0.0000,0.0000,0.0000,0.0000,0,0,-0.0036,0.0606,0.1803,-0.0623,-0.0708,0.1781,9077.2511,0.0132,-7.509819598599019e-05,-0.016914590684784625
2022-07-07 00:00:00+05:30,10845.5000,19475.0000,-8629.5000,-8953.1800,10000.0000,0.0000,323.6800,521.8200,845.5000,10845.5000,0.0000,0.0000,239.6200,0.8000,-0.8000,8629.5000,-8629.5000,0.0000,8629.5000,0,1,0.0226,0.0845,0.1824,-0.0412,0.4473,0.1840,9151.4487,0.0082,0.0003337141335470618,0.008090155658137345
2022-07-08 00:00:00+05:30,10665.9200,10665.9200,0.0000,0.0000,10000.0000,0.0000,0.0000,665.9200,665.9200,10665.9200,0.0000,0.0000,-179.5800,0.0000,0.0000,0.0000,0.0000,0.0000,0.0000,0,0,-0.0166,0.0666,0.1832,-0.0570,0.0942,0.1872,9196.0182,0.0049,4.369617424660461e-05,-0.004086243478777251
2022-07-11 00:00:00+05:30,10665.9200,10665.9200,0.0000,0.0000,10000.0000,0.0000,0.0000,665.9200,665.9200,10665.9200,0.0000,0.0000,0.0000,0.0000,0.0000,0.0000,0.0000,0.0000,0.0000,0,0,0.0000,0.0666,0.1825,-0.0570,0.0942,0.1872,9185.5563,-0.0011,6.250459212141071e-05,-0.005234620286478071
2022-07-12 00:00:00+05:30,10650.2500,10650.2500,0.0000,0.0000,10000.0000,0.0000,0.0000,650.2500,650.2500,10650.2500,0.0000,0.0000,-15.6700,0.0000,0.0000,0.0000,0.0000,0.0000,0.0000,0,0,-0.0015,0.0650,0.1818,-0.0584,0.0606,0.1873,9094.0923,-0.0100,3.939927395208606e-05,-0.003665277118654613
2022-07-13 00:00:00+05:30,10650.2500,10650.2500,0.0000,0.0000,10000.0000,0.0000,0.0000,650.2500,650.2500,10650.2500,0.0000,0.0000,0.0000,0.0000,0.0000,0.0000,0.0000,0.0000,0.0000,0,0,0.0000,0.0650,0.1811,-0.0584,0.2137,0.1867,9058.9356,-0.0039,3.996127935007347e-05,-0.003820327073639605
2022-07-14 00:00:00+05:30,10650.2500,10650.2500,0.0000,0.0000,10000.0000,0.0000,0.0000,650.2500,650.2500,10650.2500,0.0000,0.0000,0.0000,0.0000,0.0000,0.0000,0.0000,0.0000,0.0000,0,0,0.0000,0.0650,0.1804,-0.0584,0.6024,0.1834,9043.1718,-0.0017,0.00013997610556712022,-0.01849819269528221
2022-07-15 00:00:00+05:30,10650.2500,10650.2500,0.0000,0.0000,10000.0000,0.0000,0.0000,650.2500,650.2500,10650.2500,0.0000,0.0000,0.0000,0.0000,0.0000,0.0000,0.0000,0.0000,0.0000,0,0,0.0000,0.0650,0.1797,-0.0584,0.3485,0.1820,9102.6546,0.0066,0.0004495345948946634,0.01807934995120975
2022-07-18 00:00:00+05:30,10592.9700,10592.9700,0.0000,0.0000,10000.0000,0.0000,0.0000,592.9700,592.9700,10592.9700,0.0000,0.0000,-57.2800,0.0000,0.0000,0.0000,0.0000,0.0000,0.0000,0,0,-0.0054,0.0593,0.1792,-0.0635,0.0946,0.1820,9232.2523,0.0142,0.00014469050823917004,-0.014002764474813646
2022-07-19 00:00:00+05:30,10592.9700,10592.9700,0.0000,0.0000,10000.0000,0.0000,0.0000,592.9700,592.9700,10592.9700,0.0000,0.0000,0.0000,0.0000,0.0000,0.0000,0.0000,0.0000,0.0000,0,0,0.0000,0.0593,0.1785,-0.0635,-0.4724,0.1752,9259.4136,0.0029,6.290209072595621e-05,-0.005690468085311518
2022-07-20 00:00:00+05:30,10522.6800,10522.6800,0.0000,0.0000,10000.0000,0.0000,0.0000,522.6800,522.6800,10522.6800,0.0000,0.0000,-70.2900,0.0000,0.0000,0.0000,0.0000,0.0000,0.0000,0,0,-0.0066,0.0523,0.1781,-0.0697,-0.4418,0.1749,9353.8263,0.0102,-0.0004242330447387729,0.016760237960204077
2022-07-21 00:00:00+05:30,10522.6800,10522.6800,0.0000,0.0000,10000.0000,0.0000,0.0000,522.6800,522.6800,10522.6800,0.0000,0.0000,0.0000,0.0000,0.0000,0.0000,0.0000,0.0000,0.0000,0,0,0.0000,0.0523,0.1775,-0.0697,-0.5215,0.1748,9418.4692,0.0069,-0.0002861927951290629,0.030291388485163866
2022-07-22 00:00:00+05:30,10546.0500,1191.0500,9355.0000,9331.6300,10000.0000,0.0000,23.3700,522.6800,546.0500,10546.0500,0.0000,0.0000,23.3700,0.8900,0.8900,9355.0000,9355.0000,9355.0000,0.0000,1,0,0.0022,0.0546,0.1769,-0.0676,-0.6813,0.1738,9477.7251,0.0063,-0.0003104251635694369,0.0368864407780129
2022-07-25 00:00:00+05:30,10701.0500,1191.0500,9510.0000,9331.6300,10000.0000,0.0000,178.3700,522.6800,701.0500,10701.0500,0.0000,0.0000,155.0000,0.8900,0.8900,9510.0000,9510.0000,9510.0000,0.0000,1,0,0.0147,0.0701,0.1774,-0.0539,-0.3497,0.1766,9418.6109,-0.0062,-0.0002148046103556484,0.012065116433805947
2022-07-26 00:00:00+05:30,10621.2200,1211.7200,9409.5000,9404.8300,10000.0000,0.0000,4.6700,616.5600,621.2200,10621.2200,0.0000,0.0000,-79.8300,0.8900,0.8900,9409.5000,9409.5000,9409.5000,0.0000,1,0,-0.0075,0.0621,0.1771,-0.0610,-0.5262,0.1772,9337.2403,-0.0086,-0.0003520843723391496,0.020899050895573503
2022-07-27 00:00:00+05:30,10906.7200,1211.7200,9695.0000,9404.8300,10000.0000,0.0000,290.1700,616.5600,906.7200,10906.7200,0.0000,0.0000,285.5000,0.8900,0.8900,9695.0000,9695.0000,9695.0000,0.0000,1,0,0.0269,0.0907,0.1801,-0.0357,0.1062,0.1858,9437.1532,0.0107,9.767004785271594e-05,0.05948362539282709
2022-07-28 00:00:00+05:30,11381.7200,1211.7200,10170.0000,9404.8300,10000.0000,0.0000,765.1700,616.5600,1381.7200,11381.7200,0.0000,0.0000,475.0000,0.8900,0.8900,10170.0000,10170.0000,10170.0000,0.0000,1,0,0.0436,0.1382,0.1886,0.0000,0.9843,0.2061,9595.5283,0.0168,0.0007476637380540257,0.15547721232856584
2022-07-29 00:00:00+05:30,11282.8700,11282.8700,0.0000,0.0000,10000.0000,0.0000,0.0000,1282.8700,1282.8700,11282.8700,0.0000,0.0000,-98.8500,0.0000,0.0000,0.0000,0.0000,0.0000,0.0000,0,0,-0.0087,0.1283,0.1883,-0.0087,0.8034,0.2070,9729.2937,0.0139,0.0005764755829616532,0.13527268838318257
2022-08-01 00:00:00+05:30,11282.8700,11282.8700,0.0000,0.0000,10000.0000,0.0000,0.0000,1282.8700,1282.8700,11282.8700,0.0000,0.0000,0.0000,0.0000,0.0000,0.0000,0.0000,0.0000,0.0000,0,0,0.0000,0.1283,0.1876,-0.0087,0.8034,0.2070,9827.7040,0.0101,0.0005231590295732352,0.1354463947036914
2022-08-02 00:00:00+05:30,11282.8700,11282.8700,0.0000,0.0000,10000.0000,0.0000,0.0000,1282.8700,1282.8700,11282.8700,0.0000,0.0000,0.0000,0.0000,0.0000,0.0000,0.0000,0.0000,0.0000,0,0,0.0000,0.1283,0.1870,-0.0087,0.8034,0.2070,9806.9219,-0.0021,0.0005095524431994861,0.1361898695979797
2022-08-03 00:00:00+05:30,11287.3000,1160.0500,10127.2500,10107.4000,10000.0000,0.0000,19.8500,1267.4500,1287.3000,11287.3000,0.0000,0.0000,4.4300,0.9000,0.9000,10127.2500,10127.2500,10127.2500,0.0000,1,0,0.0004,0.1287,0.1864,-0.0083,0.8586,0.2069,9862.5204,0.0057,0.0004899125766781214,0.13599371445998348
2022-08-04 00:00:00+05:30,11185.6500,11185.6500,0.0000,0.0000,10000.0000,0.0000,0.0000,1185.6500,1185.6500,11185.6500,0.0000,0.0000,-101.6500,0.0000,0.0000,0.0000,0.0000,0.0000,0.0000,0,0,-0.0090,0.1186,0.1861,-0.0172,0.6728,0.2079,9846.1329,-0.0017,0.0003794850484237935,0.13894883987510068
2022-08-05 00:00:00+05:30,11185.6500,11185.6500,0.0000,0.0000,10000.0000,0.0000,0.0000,1185.6500,1185.6500,11185.6500,0.0000,0.0000,0.0000,0.0000,0.0000,0.0000,0.0000,0.0000,0.0000,0,0,0.0000,0.1186,0.1855,-0.0172,0.6728,0.2079,9860.3373,0.0014,0.0003070543793318013,0.14913348973209284
2022-08-08 00:00:00+05:30,11179.5100,11179.5100,0.0000,0.0000,10000.0000,0.0000,0.0000,1179.5100,1179.5100,11179.5100,0.0000,0.0000,-6.1400,0.0000,0.0000,0.0000,0.0000,0.0000,0.0000,0,0,-0.0005,0.1180,0.1849,-0.0178,0.6627,0.2079,9939.0429,0.0080,0.000273016504311107,0.14755372114351517
2022-08-10 00:00:00+05:30,11179.5100,11179.5100,0.0000,0.0000,10000.0000,0.0000,0.0000,1179.5100,1179.5100,11179.5100,0.0000,0.0000,0.0000,0.0000,0.0000,0.0000,0.0000,0.0000,0.0000,0,0,0.0000,0.1180,0.1843,-0.0178,0.6627,0.2079,9936.7180,-0.0002,0.0002871103641069003,0.1483867913745488
2022-08-11 00:00:00+05:30,11179.5100,11179.5100,0.0000,0.0000,10000.0000,0.0000,0.0000,1179.5100,1179.5100,11179.5100,0.0000,0.0000,0.0000,0.0000,0.0000,0.0000,0.0000,0.0000,0.0000,0,0,0.0000,0.1180,0.1837,-0.0178,0.6627,0.2079,10001.8712,0.0066,0.00031397615378084113,0.16372833247501978
2022-08-12 00:00:00+05:30,11153.6500,11153.6500,0.0000,0.0000,10000.0000,0.0000,0.0000,1153.6500,1153.6500,11153.6500,0.0000,0.0000,-25.8600,0.0000,0.0000,0.0000,0.0000,0.0000,0.0000,0,0,-0.0023,0.1154,0.1831,-0.0200,0.6160,0.2080,10035.8938,0.0034,0.00026464780234449815,0.1627164985509107
2022-08-16 00:00:00+05:30,11153.6500,11153.6500,0.0000,0.0000,10000.0000,0.0000,0.0000,1153.6500,1153.6500,11153.6500,0.0000,0.0000,0.0000,0.0000,0.0000,0.0000,0.0000,0.0000,0.0000,0,0,0.0000,0.1154,0.1825,-0.0200,0.6160,0.2080,10109.4109,0.0073,0.0001371376464665549,0.18165964234584392
2022-08-17 00:00:00+05:30,11153.6500,11153.6500,0.0000,0.0000,10000.0000,0.0000,0.0000,1153.6500,1153.6500,11153.6500,0.0000,0.0000,0.0000,0.0000,0.0000,0.0000,0.0000,0.0000,0.0000,0,0,0.0000,0.1154,0.1819,-0.0200,0.6160,0.2080,10166.5405,0.0057,0.00015927373776986964,0.21004412181854523
2022-08-18 00:00:00+05:30,11153.6500,11153.6500,0.0000,0.0000,10000.0000,0.0000,0.0000,1153.6500,1153.6500,11153.6500,0.0000,0.0000,0.0000,0.0000,0.0000,0.0000,0.0000,0.0000,0.0000,0,0,0.0000,0.1154,0.1813,-0.0200,0.6668,0.2079,10186.6138,0.0020,0.00013105851889922375,0.21150048642254232
2022-08-19 00:00:00+05:30,11103.0300,11103.0300,0.0000,0.0000,10000.0000,0.0000,0.0000,1103.0300,1103.0300,11103.0300,0.0000,0.0000,-50.6200,0.0000,0.0000,0.0000,0.0000,0.0000,0.0000,0,0,-0.0045,0.1103,0.1808,-0.0245,0.4847,0.2080,10052.6499,-0.0132,0.00012707552770465443,0.21505776331003665
2022-08-22 00:00:00+05:30,11103.0300,11103.0300,0.0000,0.0000,10000.0000,0.0000,0.0000,1103.0300,1103.0300,11103.0300,0.0000,0.0000,0.0000,0.0000,0.0000,0.0000,0.0000,0.0000,0.0000,0,0,0.0000,0.1103,0.1802,-0.0245,0.6361,0.2073,9920.0470,-0.0132,7.623886390935802e-05,0.21598070488360258
2022-08-23 00:00:00+05:30,11103.0300,11103.0300,0.0000,0.0000,10000.0000,0.0000,0.0000,1103.0300,1103.0300,11103.0300,0.0000,0.0000,0.0000,0.0000,0.0000,0.0000,0.0000,0.0000,0.0000,0,0,0.0000,0.1103,0.1796,-0.0245,0.8669,0.2059,9994.4430,0.0075,0.00018644587245422733,0.2305163635762757
2022-08-24 00:00:00+05:30,11199.1100,20079.1100,-8880.0000,-8976.0700,10000.0000,0.0000,96.0700,1103.0300,1199.1100,11199.1100,0.0000,0.0000,96.0800,0.7900,-0.7900,8880.0000,-8880.0000,0.0000,8880.0000,0,1,0.0087,0.1199,0.1794,-0.0160,1.0411,0.2066,9984.2362,-0.0010,0.0005283194255331929,0.24859963625450596
2022-08-25 00:00:00+05:30,11212.3600,20082.5600,-8870.2000,-8969.4900,10000.0000,0.0000,99.2900,1113.0700,1212.3600,11212.3600,0.0000,0.0000,13.2500,0.7900,-0.7900,8870.2000,-8870.2000,0.0000,8870.2000,0,1,0.0012,0.1212,0.1788,-0.0149,1.0655,0.2065,9927.9005,-0.0056,0.0006341860509905977,0.2658212019077324
2022-08-26 00:00:00+05:30,11101.2600,11101.2600,0.0000,0.0000,10000.0000,0.0000,0.0000,1101.2600,1101.2600,11101.2600,0.0000,0.0000,-111.1000,0.0000,0.0000,0.0000,0.0000,0.0000,0.0000,0,0,-0.0099,0.1101,0.1787,-0.0246,0.4342,0.2031,9970.2586,0.0043,0.00043671433903801055,0.25891784736870754
2022-08-29 00:00:00+05:30,11101.2600,11101.2600,0.0000,0.0000,10000.0000,0.0000,0.0000,1101.2600,1101.2600,11101.2600,0.0000,0.0000,0.0000,0.0000,0.0000,0.0000,0.0000,0.0000,0.0000,0,0,0.0000,0.1101,0.1782,-0.0246,0.4342,0.2031,9832.0135,-0.0139,0.00013021431530871587,0.26298027654889733
2022-08-30 00:00:00+05:30,11101.2600,11101.2600,0.0000,0.0000,10000.0000,0.0000,0.0000,1101.2600,1101.2600,11101.2600,0.0000,0.0000,0.0000,0.0000,0.0000,0.0000,0.0000,0.0000,0.0000,0,0,0.0000,0.1101,0.1777,-0.0246,0.4342,0.2031,10061.7226,0.0234,8.12547282396022e-05,0.23883756052002955
2022-09-01 00:00:00+05:30,11101.2600,11101.2600,0.0000,0.0000,10000.0000,0.0000,0.0000,1101.2600,1101.2600,11101.2600,0.0000,0.0000,0.0000,0.0000,0.0000,0.0000,0.0000,0.0000,0.0000,0,0,0.0000,0.1101,0.1772,-0.0246,0.4342,0.2031,9959.1162,-0.0102,0.00011289697785538241,0.23461533840304782
2022-09-02 00:00:00+05:30,11106.1700,1626.1700,9480.0000,9475.0900,10000.0000,0.0000,4.9100,1101.2600,1106.1700,11106.1700,0.0000,0.0000,4.9100,0.8500,0.8500,9480.0000,9480.0000,9480.0000,0.0000,1,0,0.0004,0.1106,0.1767,-0.0242,0.1978,0.2017,9939.0429,-0.0020,0.00012269725896200156,0.2342804556463958
2022-09-05 00:00:00+05:30,11135.6900,11135.6900,0.0000,0.0000,10000.0000,0.0000,0.0000,1135.6900,1135.6900,11135.6900,0.0000,0.0000,29.5200,0.0000,0.0000,0.0000,0.0000,0.0000,0.0000,0,0,0.0027,0.1136,0.1762,-0.0216,-0.2379,0.1960,10010.5186,0.0072,-0.00012831163959044618,0.2629069039073293
2022-09-06 00:00:00+05:30,11135.6900,11135.6900,0.0000,0.0000,10000.0000,0.0000,0.0000,1135.6900,1135.6900,11135.6900,0.0000,0.0000,0.0000,0.0000,0.0000,0.0000,0.0000,0.0000,0.0000,0,0,0.0000,0.1136,0.1757,-0.0216,-0.0280,0.1949,10009.2144,-0.0001,-0.0005607030076035093,0.28778414909832895
2022-09-07 00:00:00+05:30,11135.6900,11135.6900,0.0000,0.0000,10000.0000,0.0000,0.0000,1135.6900,1135.6900,11135.6900,0.0000,0.0000,0.0000,0.0000,0.0000,0.0000,0.0000,0.0000,0.0000,0,0,0.0000,0.1136,0.1752,-0.0216,-0.0280,0.1949,9996.6828,-0.0013,-0.0003709897841250253,0.3044397140328198
2022-09-08 00:00:00+05:30,11135.6900,11135.6900,0.0000,0.0000,10000.0000,0.0000,0.0000,1135.6900,1135.6900,11135.6900,0.0000,0.0000,0.0000,0.0000,0.0000,0.0000,0.0000,0.0000,0.0000,0,0,0.0000,0.1136,0.1747,-0.0216,-0.0366,0.1949,10093.4203,0.0097,-0.0005350609431620065,0.32189243204777856
2022-09-09 00:00:00+05:30,11135.6900,11135.6900,0.0000,0.0000,10000.0000,0.0000,0.0000,1135.6900,1135.6900,11135.6900,0.0000,0.0000,0.0000,0.0000,0.0000,0.0000,0.0000,0.0000,0.0000,0,0,0.0000,0.1136,0.1742,-0.0216,-0.0366,0.1949,10109.9780,0.0016,-0.0007806989585710529,0.37300347610446455
2022-09-12 00:00:00+05:30,11135.6900,11135.6900,0.0000,0.0000,10000.0000,0.0000,0.0000,1135.6900,1135.6900,11135.6900,0.0000,0.0000,0.0000,0.0000,0.0000,0.0000,0.0000,0.0000,0.0000,0,0,0.0000,0.1136,0.1737,-0.0216,0.0194,0.1949,10167.9865,0.0057,-0.0008425415072817827,0.37480921758556174
2022-09-13 00:00:00+05:30,11135.6900,11135.6900,0.0000,0.0000,10000.0000,0.0000,0.0000,1135.6900,1135.6900,11135.6900,0.0000,0.0000,0.0000,0.0000,0.0000,0.0000,0.0000,0.0000,0.0000,0,0,0.0000,0.1136,0.1732,-0.0216,0.0194,0.1949,10244.4805,0.0075,-0.0008599086278673315,0.37185825598430666
2022-09-14 00:00:00+05:30,11129.8300,11129.8300,0.0000,0.0000,10000.0000,0.0000,0.0000,1129.8300,1129.8300,11129.8300,0.0000,0.0000,-5.8600,0.0000,0.0000,0.0000,0.0000,0.0000,0.0000,0,0,-0.0005,0.1130,0.1727,-0.0221,0.1036,0.1946,10207.1408,-0.0036,-0.001119697809951192,0.4252606374009062
2022-09-15 00:00:00+05:30,11129.8300,11129.8300,0.0000,0.0000,10000.0000,0.0000,0.0000,1129.8300,1129.8300,11129.8300,0.0000,0.0000,0.0000,0.0000,0.0000,0.0000,0.0000,0.0000,0.0000,0,0,0.0000,0.1130,0.1722,-0.0221,1.2106,0.1710,10134.3608,-0.0071,-0.0009714027858924706,0.4126166867325625
2022-09-16 00:00:00+05:30,11129.8300,11129.8300,0.0000,0.0000,10000.0000,0.0000,0.0000,1129.8300,1129.8300,11129.8300,0.0000,0.0000,0.0000,0.0000,0.0000,0.0000,0.0000,0.0000,0.0000,0,0,0.0000,0.1130,0.1717,-0.0221,0.1027,0.1431,9951.6596,-0.0180,-1.814462449336446e-05,0.37326497658343055
2022-09-19 00:00:00+05:30,11129.8300,11129.8300,0.0000,0.0000,10000.0000,0.0000,0.0000,1129.8300,1129.8300,11129.8300,0.0000,0.0000,0.0000,0.0000,0.0000,0.0000,0.0000,0.0000,0.0000,0,0,0.0000,0.1130,0.1712,-0.0221,0.4129,0.1414,9998.0153,0.0047,-0.0003992410706831665,0.22748449799263992
2022-09-20 00:00:00+05:30,11129.8300,11129.8300,0.0000,0.0000,10000.0000,0.0000,0.0000,1129.8300,1129.8300,11129.8300,0.0000,0.0000,0.0000,0.0000,0.0000,0.0000,0.0000,0.0000,0.0000,0,0,0.0000,0.1130,0.1707,-0.0221,0.4129,0.1414,10089.1958,0.0091,-0.00024110320297864499,0.1953135787638843
2022-09-21 00:00:00+05:30,11129.8300,11129.8300,0.0000,0.0000,10000.0000,0.0000,0.0000,1129.8300,1129.8300,11129.8300,0.0000,0.0000,0.0000,0.0000,0.0000,0.0000,0.0000,0.0000,0.0000,0,0,0.0000,0.1130,0.1702,-0.0221,0.4129,0.1414,10047.2063,-0.0042,-0.00019772688590589659,0.19840574622858637
2022-09-22 00:00:00+05:30,10859.1700,10859.1700,0.0000,0.0000,10000.0000,0.0000,0.0000,859.1700,859.1700,10859.1700,0.0000,0.0000,-270.6600,0.0000,0.0000,0.0000,0.0000,0.0000,0.0000,0,0,-0.0243,0.0859,0.1721,-0.0459,-0.2911,0.1501,10000.3402,-0.0047,-0.0006362021143143983,0.23995166239960866
2022-09-23 00:00:00+05:30,10859.1700,10859.1700,0.0000,0.0000,10000.0000,0.0000,0.0000,859.1700,859.1700,10859.1700,0.0000,0.0000,0.0000,0.0000,0.0000,0.0000,0.0000,0.0000,0.0000,0,0,0.0000,0.0859,0.1716,-0.0459,-0.2911,0.1501,9828.1293,-0.0172,-0.0005055658725822191,0.22112285597252646
2022-09-26 00:00:00+05:30,10981.8200,20301.8200,-9320.0000,-9442.6600,10000.0000,0.0000,122.6600,859.1700,981.8200,10981.8200,0.0000,0.0000,122.6500,0.8500,-0.8500,9320.0000,-9320.0000,0.0000,9320.0000,0,1,0.0113,0.0982,0.1716,-0.0351,0.0249,0.1519,9655.5214,-0.0176,-0.0001709045557307033,0.15635630375215295
2022-09-27 00:00:00+05:30,11044.0100,11044.0100,0.0000,0.0000,10000.0000,0.0000,0.0000,1044.0100,1044.0100,11044.0100,0.0000,0.0000,62.1900,0.0000,0.0000,0.0000,0.0000,0.0000,0.0000,0,0,0.0057,0.1044,0.1713,-0.0297,0.1819,0.1524,9662.9497,0.0008,-9.542790271980969e-05,0.15735520098295605
2022-09-28 00:00:00+05:30,11044.0100,11044.0100,0.0000,0.0000,10000.0000,0.0000,0.0000,1044.0100,1044.0100,11044.0100,0.0000,0.0000,0.0000,0.0000,0.0000,0.0000,0.0000,0.0000,0.0000,0,0,0.0000,0.1044,0.1708,-0.0297,0.1819,0.1524,9541.1489,-0.0126,-6.434322700967404e-05,0.15174312748471638
2022-09-29 00:00:00+05:30,11044.0100,11044.0100,0.0000,0.0000,10000.0000,0.0000,0.0000,1044.0100,1044.0100,11044.0100,0.0000,0.0000,0.0000,0.0000,0.0000,0.0000,0.0000,0.0000,0.0000,0,0,0.0000,0.1044,0.1703,-0.0297,0.6814,0.1479,9550.6469,0.0010,-6.241303019383624e-05,0.1517748206903844
2022-09-30 00:00:00+05:30,11044.0100,11044.0100,0.0000,0.0000,10000.0000,0.0000,0.0000,1044.0100,1044.0100,11044.0100,0.0000,0.0000,0.0000,0.0000,0.0000,0.0000,0.0000,0.0000,0.0000,0,0,0.0000,0.1044,0.1698,-0.0297,1.1507,0.1442,9700.5163,0.0157,0.00018940246617718109,0.15532974776287833
2022-10-03 00:00:00+05:30,11001.2000,1822.0000,9179.2000,9148.2500,10000.0000,0.0000,30.9500,970.2500,1001.2000,11001.2000,0.0000,0.0000,-42.8100,0.8300,0.8300,9179.2000,9179.2000,9179.2000,0.0000,1,0,-0.0039,0.1001,0.1694,-0.0334,1.1417,0.1442,9569.4160,-0.0135,0.0004129478450389143,0.15206418458303528
2022-10-04 00:00:00+05:30,11274.2000,1822.0000,9452.2000,9148.2500,10000.0000,0.0000,303.9500,970.2500,1274.2000,11274.2000,0.0000,0.0000,273.0000,0.8400,0.8400,9452.2000,9452.2000,9452.2000,0.0000,1,0,0.0248,0.1274,0.1714,-0.0094,1.1934,0.1457,9797.0553,0.0238,0.0007237318145453735,0.25105283347131363
2022-10-06 00:00:00+05:30,11726.0000,1822.0000,9904.0000,9148.2500,10000.0000,0.0000,755.7500,970.2500,1726.0000,11726.0000,0.0000,0.0000,451.8000,0.8400,0.8400,9904.0000,9904.0000,9904.0000,0.0000,1,0,0.0401,0.1726,0.1771,0.0000,2.5379,0.1623,9819.0850,0.0022,0.0010566895388307508,0.23296930132176658
2022-10-07 00:00:00+05:30,11655.0000,1822.0000,9833.0000,9148.2500,10000.0000,0.0000,684.7500,970.2500,1655.0000,11655.0000,0.0000,0.0000,-71.0000,0.8400,0.8400,9833.0000,9833.0000,9833.0000,0.0000,1,0,-0.0061,0.1655,0.1768,-0.0061,2.3693,0.1631,9818.9999,-0.0000,0.001231116332575891,0.24756670185419014
2022-10-10 00:00:00+05:30,11573.8100,11573.8100,0.0000,0.0000,10000.0000,0.0000,0.0000,1573.8100,1573.8100,11573.8100,0.0000,0.0000,-81.1900,0.0000,0.0000,0.0000,0.0000,0.0000,0.0000,0,0,-0.0070,0.1574,0.1765,-0.0130,2.2164,0.1639,9782.8793,-0.0037,0.0011201458977047173,0.25362563078963696
2022-10-11 00:00:00+05:30,11573.8100,11573.8100,0.0000,0.0000,10000.0000,0.0000,0.0000,1573.8100,1573.8100,11573.8100,0.0000,0.0000,0.0000,0.0000,0.0000,0.0000,0.0000,0.0000,0.0000,0,0,0.0000,0.1574,0.1760,-0.0130,2.2164,0.1639,9619.4008,-0.0167,0.0011825218993775771,0.24358580635836297
2022-10-12 00:00:00+05:30,11573.8100,11573.8100,0.0000,0.0000,10000.0000,0.0000,0.0000,1573.8100,1573.8100,11573.8100,0.0000,0.0000,0.0000,0.0000,0.0000,0.0000,0.0000,0.0000,0.0000,0,0,0.0000,0.1574,0.1755,-0.0130,2.2164,0.1639,9712.9062,0.0097,0.0011349095110947214,0.23800325999811497
2022-10-13 00:00:00+05:30,11567.5900,11567.5900,0.0000,0.0000,10000.0000,0.0000,0.0000,1567.5900,1567.5900,11567.5900,0.0000,0.0000,-6.2200,0.0000,0.0000,0.0000,0.0000,0.0000,0.0000,0,0,-0.0005,0.1568,0.1750,-0.0135,2.2033,0.1639,9649.8227,-0.0065,0.0011455330287467053,0.23776131825638427
2022-10-14 00:00:00+05:30,11567.5900,11567.5900,0.0000,0.0000,10000.0000,0.0000,0.0000,1567.5900,1567.5900,11567.5900,0.0000,0.0000,0.0000,0.0000,0.0000,0.0000,0.0000,0.0000,0.0000,0,0,0.0000,0.1568,0.1746,-0.0135,2.3501,0.1633,9753.3363,0.0107,0.0011335945054491568,0.23417168093717525
2022-10-17 00:00:00+05:30,11567.5900,11567.5900,0.0000,0.0000,10000.0000,0.0000,0.0000,1567.5900,1567.5900,11567.5900,0.0000,0.0000,0.0000,0.0000,0.0000,0.0000,0.0000,0.0000,0.0000,0,0,0.0000,0.1568,0.1742,-0.0135,2.3501,0.1633,9821.4949,0.0070,0.0012284977704211952,0.2543917914831324
2022-10-18 00:00:00+05:30,11567.5900,11567.5900,0.0000,0.0000,10000.0000,0.0000,0.0000,1567.5900,1567.5900,11567.5900,0.0000,0.0000,0.0000,0.0000,0.0000,0.0000,0.0000,0.0000,0.0000,0,0,0.0000,0.1568,0.1738,-0.0135,2.5329,0.1625,9917.9205,0.0098,0.0012057444867444138,0.24934609211424227
2022-10-19 00:00:00+05:30,11567.5900,11567.5900,0.0000,0.0000,10000.0000,0.0000,0.0000,1567.5900,1567.5900,11567.5900,0.0000,0.0000,0.0000,0.0000,0.0000,0.0000,0.0000,0.0000,0.0000,0,0,0.0000,0.1568,0.1734,-0.0135,2.5329,0.1625,9933.9395,0.0016,0.0013317266583311197,0.266087584094396
2022-10-20 00:00:00+05:30,11532.7900,11532.7900,0.0000,0.0000,10000.0000,0.0000,0.0000,1532.7900,1532.7900,11532.7900,0.0000,0.0000,-34.8000,0.0000,0.0000,0.0000,0.0000,0.0000,0.0000,0,0,-0.0030,0.1533,0.1730,-0.0165,2.3945,0.1628,9960.2503,0.0026,0.001299348004557182,0.26794717410025015
2022-10-21 00:00:00+05:30,11532.7900,11532.7900,0.0000,0.0000,10000.0000,0.0000,0.0000,1532.7900,1532.7900,11532.7900,0.0000,0.0000,0.0000,0.0000,0.0000,0.0000,0.0000,0.0000,0.0000,0,0,0.0000,0.1533,0.1726,-0.0165,2.0441,0.1605,9970.7406,0.0011,0.001285663722341096,0.2686633036313325
2022-10-25 00:00:00+05:30,11430.9400,11430.9400,0.0000,0.0000,10000.0000,0.0000,0.0000,1430.9400,1430.9400,11430.9400,0.0000,0.0000,-101.8500,0.0000,0.0000,0.0000,0.0000,0.0000,0.0000,0,0,-0.0088,0.1431,0.1725,-0.0252,2.0060,0.1608,10002.7785,0.0032,0.0008426949557315913,0.28426397561787736
2022-10-27 00:00:00+05:30,11430.9400,11430.9400,0.0000,0.0000,10000.0000,0.0000,0.0000,1430.9400,1430.9400,11430.9400,0.0000,0.0000,0.0000,0.0000,0.0000,0.0000,0.0000,0.0000,0.0000,0,0,0.0000,0.1431,0.1721,-0.0252,1.3817,0.1517,10070.0582,0.0067,0.0009113816643169191,0.2707586624299521
2022-10-28 00:00:00+05:30,11430.9400,11430.9400,0.0000,0.0000,10000.0000,0.0000,0.0000,1430.9400,1430.9400,11430.9400,0.0000,0.0000,0.0000,0.0000,0.0000,0.0000,0.0000,0.0000,0.0000,0,0,0.0000,0.1431,0.1717,-0.0252,0.2156,0.1227,10091.0671,0.0021,0.000556104307726903,0.22921654294216184
2022-10-31 00:00:00+05:30,11430.9400,11430.9400,0.0000,0.0000,10000.0000,0.0000,0.0000,1430.9400,1430.9400,11430.9400,0.0000,0.0000,0.0000,0.0000,0.0000,0.0000,0.0000,0.0000,0.0000,0,0,0.0000,0.1431,0.1713,-0.0252,0.5191,0.1214,10215.6748,0.0123,-8.092882257167066e-06,0.1040829315955816
2022-11-01 00:00:00+05:30,11430.9400,11430.9400,0.0000,0.0000,10000.0000,0.0000,0.0000,1430.9400,1430.9400,11430.9400,0.0000,0.0000,0.0000,0.0000,0.0000,0.0000,0.0000,0.0000,0.0000,0,0,0.0000,0.1431,0.1709,-0.0252,0.5191,0.1214,10287.7176,0.0071,0.00012238260708658593,0.1290547361723445
2022-11-02 00:00:00+05:30,11430.9400,11430.9400,0.0000,0.0000,10000.0000,0.0000,0.0000,1430.9400,1430.9400,11430.9400,0.0000,0.0000,0.0000,0.0000,0.0000,0.0000,0.0000,0.0000,0.0000,0,0,0.0000,0.1431,0.1705,-0.0252,0.5191,0.1214,10247.6560,-0.0039,0.0001503373463093291,0.1313687645714864
2022-11-03 00:00:00+05:30,11466.7100,11466.7100,0.0000,0.0000,10000.0000,0.0000,0.0000,1466.7100,1466.7100,11466.7100,0.0000,0.0000,35.7700,0.0000,0.0000,0.0000,0.0000,0.0000,0.0000,0,0,0.0031,0.1467,0.1701,-0.0221,0.6119,0.1215,10234.0186,-0.0013,0.00020036793154399587,0.13015434421417033
2022-11-04 00:00:00+05:30,11466.7100,11466.7100,0.0000,0.0000,10000.0000,0.0000,0.0000,1466.7100,1466.7100,11466.7100,0.0000,0.0000,0.0000,0.0000,0.0000,0.0000,0.0000,0.0000,0.0000,0,0,0.0000,0.1467,0.1697,-0.0221,0.9349,0.1199,10279.2970,0.0044,0.00019649733949774956,0.13011222702539865
2022-11-07 00:00:00+05:30,11466.7100,11466.7100,0.0000,0.0000,10000.0000,0.0000,0.0000,1466.7100,1466.7100,11466.7100,0.0000,0.0000,0.0000,0.0000,0.0000,0.0000,0.0000,0.0000,0.0000,0,0,0.0000,0.1467,0.1693,-0.0221,0.9349,0.1199,10322.0804,0.0042,0.00033562755660747367,0.12519282281155403
2022-11-09 00:00:00+05:30,11384.5100,11384.5100,0.0000,0.0000,10000.0000,0.0000,0.0000,1384.5100,1384.5100,11384.5100,0.0000,0.0000,-82.2000,0.0000,0.0000,0.0000,0.0000,0.0000,0.0000,0,0,-0.0072,0.1385,0.1691,-0.0291,0.6945,0.1209,10275.4127,-0.0045,0.00022459432986106316,0.13249522914135636
2022-11-10 00:00:00+05:30,11384.5100,11384.5100,0.0000,0.0000,10000.0000,0.0000,0.0000,1384.5100,1384.5100,11384.5100,0.0000,0.0000,0.0000,0.0000,0.0000,0.0000,0.0000,0.0000,0.0000,0,0,0.0000,0.1385,0.1687,-0.0291,0.6945,0.1209,10227.6394,-0.0046,0.00025907925062581194,0.13474332336292957
2022-11-11 00:00:00+05:30,11530.9500,21466.9500,-9936.0000,-10082.4400,10000.0000,0.0000,146.4400,1384.5100,1530.9500,11530.9500,0.0000,0.0000,146.4400,0.8600,-0.8600,9936.0000,-9936.0000,0.0000,9936.0000,0,1,0.0129,0.1531,0.1689,-0.0166,1.1174,0.1237,10408.2425,0.0177,0.0004049003011635415,0.16725236021716358
2022-11-14 00:00:00+05:30,11593.4900,11593.4900,0.0000,0.0000,10000.0000,0.0000,0.0000,1593.4900,1593.4900,11593.4900,0.0000,0.0000,62.5400,0.0000,0.0000,0.0000,0.0000,0.0000,0.0000,0,0,0.0054,0.1593,0.1686,-0.0113,1.3762,0.1239,10388.3677,-0.0019,0.0005172466757387108,0.1663375342629968
2022-11-15 00:00:00+05:30,11593.4900,11593.4900,0.0000,0.0000,10000.0000,0.0000,0.0000,1593.4900,1593.4900,11593.4900,0.0000,0.0000,0.0000,0.0000,0.0000,0.0000,0.0000,0.0000,0.0000,0,0,0.0000,0.1593,0.1682,-0.0113,1.3762,0.1239,10445.8091,0.0055,0.000548859037393312,0.16675247898746373
2022-11-16 00:00:00+05:30,11593.4900,11593.4900,0.0000,0.0000,10000.0000,0.0000,0.0000,1593.4900,1593.4900,11593.4900,0.0000,0.0000,0.0000,0.0000,0.0000,0.0000,0.0000,0.0000,0.0000,0,0,0.0000,0.1593,0.1678,-0.0113,1.3762,0.1239,10436.3395,-0.0009,0.000570013830579321,0.16913928661455194
2022-11-17 00:00:00+05:30,11593.4900,11593.4900,0.0000,0.0000,10000.0000,0.0000,0.0000,1593.4900,1593.4900,11593.4900,0.0000,0.0000,0.0000,0.0000,0.0000,0.0000,0.0000,0.0000,0.0000,0,0,0.0000,0.1593,0.1674,-0.0113,1.3762,0.1239,10396.1362,-0.0039,0.0005957684498498638,0.17059608095548384
2022-11-18 00:00:00+05:30,11563.6700,11563.6700,0.0000,0.0000,10000.0000,0.0000,0.0000,1563.6700,1563.6700,11563.6700,0.0000,0.0000,-29.8200,0.0000,0.0000,0.0000,0.0000,0.0000,0.0000,0,0,-0.0026,0.1564,0.1670,-0.0138,1.4439,0.1236,10379.3517,-0.0016,0.0005626988430869169,0.17197667747565124
2022-11-21 00:00:00+05:30,11563.6700,11563.6700,0.0000,0.0000,10000.0000,0.0000,0.0000,1563.6700,1563.6700,11563.6700,0.0000,0.0000,0.0000,0.0000,0.0000,0.0000,0.0000,0.0000,0.0000,0,0,0.0000,0.1564,0.1666,-0.0138,1.4439,0.1236,10296.3366,-0.0080,0.0006257407838654206,0.16324003136613963
2022-11-22 00:00:00+05:30,11483.4600,11483.4600,0.0000,0.0000,10000.0000,0.0000,0.0000,1483.4600,1483.4600,11483.4600,0.0000,0.0000,-80.2100,0.0000,0.0000,0.0000,0.0000,0.0000,0.0000,0,0,-0.0069,0.1483,0.1664,-0.0207,1.2000,0.1246,10349.3835,0.0052,0.0004658590362566621,0.16008620972088033
2022-11-23 00:00:00+05:30,11483.4600,11483.4600,0.0000,0.0000,10000.0000,0.0000,0.0000,1483.4600,1483.4600,11483.4600,0.0000,0.0000,0.0000,0.0000,0.0000,0.0000,0.0000,0.0000,0.0000,0,0,0.0000,0.1483,0.1660,-0.0207,0.9152,0.1235,10350.8578,0.0001,0.0004837055017156772,0.16246257811593626
2022-11-24 00:00:00+05:30,11483.4600,11483.4600,0.0000,0.0000,10000.0000,0.0000,0.0000,1483.4600,1483.4600,11483.4600,0.0000,0.0000,0.0000,0.0000,0.0000,0.0000,0.0000,0.0000,0.0000,0,0,0.0000,0.1483,0.1656,-0.0207,0.8744,0.1234,10496.4461,0.0141,0.0003044137941441873,0.15838987271394625
2022-11-25 00:00:00+05:30,11483.4600,11483.4600,0.0000,0.0000,10000.0000,0.0000,0.0000,1483.4600,1483.4600,11483.4600,0.0000,0.0000,0.0000,0.0000,0.0000,0.0000,0.0000,0.0000,0.0000,0,0,0.0000,0.1483,0.1652,-0.0207,1.2300,0.1216,10489.3864,-0.0007,0.00026957917627151094,0.1607824456279115
2022-11-28 00:00:00+05:30,11483.4600,11483.4600,0.0000,0.0000,10000.0000,0.0000,0.0000,1483.4600,1483.4600,11483.4600,0.0000,0.0000,0.0000,0.0000,0.0000,0.0000,0.0000,0.0000,0.0000,0,0,0.0000,0.1483,0.1648,-0.0207,1.2300,0.1216,10520.5737,0.0030,0.0004289346762727704,0.16766426556315445
2022-11-29 00:00:00+05:30,11483.4600,11483.4600,0.0000,0.0000,10000.0000,0.0000,0.0000,1483.4600,1483.4600,11483.4600,0.0000,0.0000,0.0000,0.0000,0.0000,0.0000,0.0000,0.0000,0.0000,0,0,0.0000,0.1483,0.1644,-0.0207,1.2300,0.1216,10549.0393,0.0027,0.0003766603291563211,0.17329674759878042
2022-11-30 00:00:00+05:30,11483.4600,11483.4600,0.0000,0.0000,10000.0000,0.0000,0.0000,1483.4600,1483.4600,11483.4600,0.0000,0.0000,0.0000,0.0000,0.0000,0.0000,0.0000,0.0000,0.0000,0,0,0.0000,0.1483,0.1640,-0.0207,1.2300,0.1216,10647.3362,0.0093,0.0003985048654160507,0.19202975812259349
2022-12-01 00:00:00+05:30,11483.4600,11483.4600,0.0000,0.0000,10000.0000,0.0000,0.0000,1483.4600,1483.4600,11483.4600,0.0000,0.0000,0.0000,0.0000,0.0000,0.0000,0.0000,0.0000,0.0000,0,0,0.0000,0.1483,0.1636,-0.0207,1.2161,0.1216,10660.9452,0.0013,0.00035763181631582957,0.19614998195670877
2022-12-02 00:00:00+05:30,11483.4600,11483.4600,0.0000,0.0000,10000.0000,0.0000,0.0000,1483.4600,1483.4600,11483.4600,0.0000,0.0000,0.0000,0.0000,0.0000,0.0000,0.0000,0.0000,0.0000,0,0,0.0000,0.1483,0.1632,-0.0207,1.1235,0.1215,10606.6508,-0.0051,0.0003616368849419147,0.19554422468435234
2022-12-05 00:00:00+05:30,11483.4600,11483.4600,0.0000,0.0000,10000.0000,0.0000,0.0000,1483.4600,1483.4600,11483.4600,0.0000,0.0000,0.0000,0.0000,0.0000,0.0000,0.0000,0.0000,0.0000,0,0,0.0000,0.1483,0.1628,-0.0207,1.1235,0.1215,10600.3283,-0.0006,0.0003435725250470768,0.19427722767333847
2022-12-06 00:00:00+05:30,11483.4600,11483.4600,0.0000,0.0000,10000.0000,0.0000,0.0000,1483.4600,1483.4600,11483.4600,0.0000,0.0000,0.0000,0.0000,0.0000,0.0000,0.0000,0.0000,0.0000,0,0,0.0000,0.1483,0.1624,-0.0207,1.1235,0.1215,10574.1026,-0.0025,0.00035121338095388244,0.19408882015541495
2022-12-07 00:00:00+05:30,11483.4600,11483.4600,0.0000,0.0000,10000.0000,0.0000,0.0000,1483.4600,1483.4600,11483.4600,0.0000,0.0000,0.0000,0.0000,0.0000,0.0000,0.0000,0.0000,0.0000,0,0,0.0000,0.1483,0.1620,-0.0207,1.1235,0.1215,10519.6381,-0.0052,0.0003644539635068364,0.19313005387711457
2022-12-08 00:00:00+05:30,11451.5500,22472.1500,-11020.6000,-10988.6900,10000.0000,0.0000,-31.9100,1483.4600,1451.5500,11451.5500,0.0000,0.0000,-31.9100,0.9600,-0.9600,11020.6000,-11020.6000,0.0000,11020.6000,0,1,-0.0028,0.1452,0.1617,-0.0234,1.0251,0.1217,10555.1634,0.0034,0.00033669762836857024,0.19547367655008194
2022-12-09 00:00:00+05:30,11562.3500,22472.1500,-10909.8000,-10988.6900,10000.0000,0.0000,78.8900,1483.4600,1562.3500,11562.3500,0.0000,0.0000,110.8000,0.9400,-0.9400,10909.8000,-10909.8000,0.0000,10909.8000,0,1,0.0097,0.1562,0.1617,-0.0140,1.3440,0.1231,10486.4661,-0.0065,0.0005329637110062242,0.17792814316869435
2022-12-12 00:00:00+05:30,11632.1500,22472.1500,-10840.0000,-10988.6900,10000.0000,0.0000,148.6900,1483.4600,1632.1500,11632.1500,0.0000,0.0000,69.8000,0.9300,-0.9300,10840.0000,-10840.0000,0.0000,10840.0000,0,1,0.0060,0.1632,0.1615,-0.0080,1.5427,0.1236,10487.2883,0.0001,0.0006471272908103351,0.1792281342881474
2022-12-13 00:00:00+05:30,11617.8000,11617.8000,0.0000,0.0000,10000.0000,0.0000,0.0000,1617.8000,1617.8000,11617.8000,0.0000,0.0000,-14.3500,0.0000,0.0000,0.0000,0.0000,0.0000,0.0000,0,0,-0.0012,0.1618,0.1612,-0.0092,1.5184,0.1236,10543.7941,0.0054,0.0006336957768894281,0.17929199103625776
2022-12-14 00:00:00+05:30,11617.8000,11617.8000,0.0000,0.0000,10000.0000,0.0000,0.0000,1617.8000,1617.8000,11617.8000,0.0000,0.0000,0.0000,0.0000,0.0000,0.0000,0.0000,0.0000,0.0000,0,0,0.0000,0.1618,0.1609,-0.0092,1.5184,0.1236,10571.3808,0.0026,0.0006241031021561323,0.1782851739791596
2022-12-15 00:00:00+05:30,11617.8000,11617.8000,0.0000,0.0000,10000.0000,0.0000,0.0000,1617.8000,1617.8000,11617.8000,0.0000,0.0000,0.0000,0.0000,0.0000,0.0000,0.0000,0.0000,0.0000,0,0,0.0000,0.1618,0.1606,-0.0092,1.5184,0.1236,10433.4476,-0.0130,0.0006435336685810223,0.17411922409775563
2022-12-16 00:00:00+05:30,11587.6300,11587.6300,0.0000,0.0000,10000.0000,0.0000,0.0000,1587.6300,1587.6300,11587.6300,0.0000,0.0000,-30.1700,0.0000,0.0000,0.0000,0.0000,0.0000,0.0000,0,0,-0.0026,0.1588,0.1603,-0.0118,1.4280,0.1238,10359.9305,-0.0070,0.0005589448155766746,0.1894519970394822
2022-12-19 00:00:00+05:30,11484.5800,11484.5800,0.0000,0.0000,10000.0000,0.0000,0.0000,1484.5800,1484.5800,11484.5800,0.0000,0.0000,-103.0500,0.0000,0.0000,0.0000,0.0000,0.0000,0.0000,0,0,-0.0089,0.1485,0.1602,-0.0206,1.1122,0.1254,10448.4459,0.0085,0.0004158134618309925,0.1698321225313935
2022-12-20 00:00:00+05:30,11432.7400,11432.7400,0.0000,0.0000,10000.0000,0.0000,0.0000,1432.7400,1432.7400,11432.7400,0.0000,0.0000,-51.8400,0.0000,0.0000,0.0000,0.0000,0.0000,0.0000,0,0,-0.0045,0.1433,0.1599,-0.0250,0.9582,0.1258,10425.5657,-0.0022,0.00036939148608273716,0.17708200376853603
2022-12-21 00:00:00+05:30,11274.6300,11274.6300,0.0000,0.0000,10000.0000,0.0000,0.0000,1274.6300,1274.6300,11274.6300,0.0000,0.0000,-158.1100,0.0000,0.0000,0.0000,0.0000,0.0000,0.0000,0,0,-0.0138,0.1275,0.1602,-0.0385,1.3882,0.1186,10324.4619,-0.0097,0.00014429756545133998,0.20818517571008308
2022-12-22 00:00:00+05:30,11274.6300,11274.6300,0.0000,0.0000,10000.0000,0.0000,0.0000,1274.6300,1274.6300,11274.6300,0.0000,0.0000,0.0000,0.0000,0.0000,0.0000,0.0000,0.0000,0.0000,0,0,0.0000,0.1275,0.1599,-0.0385,1.3882,0.1186,10271.8120,-0.0051,0.0005585263862677927,0.17777823291640682
2022-12-23 00:00:00+05:30,11274.6300,11274.6300,0.0000,0.0000,10000.0000,0.0000,0.0000,1274.6300,1274.6300,11274.6300,0.0000,0.0000,0.0000,0.0000,0.0000,0.0000,0.0000,0.0000,0.0000,0,0,0.0000,0.1275,0.1596,-0.0385,1.0058,0.1165,10107.0293,-0.0160,0.0005543211536201637,0.17934464528085903
2022-12-26 00:00:00+05:30,11202.4900,11202.4900,0.0000,0.0000,10000.0000,0.0000,0.0000,1202.4900,1202.4900,11202.4900,0.0000,0.0000,-72.1400,0.0000,0.0000,0.0000,0.0000,0.0000,0.0000,0,0,-0.0064,0.1202,0.1594,-0.0446,0.5680,0.1168,10212.2158,0.0104,0.00013902568949575542,0.2244585054247751
2022-12-27 00:00:00+05:30,11202.4900,11202.4900,0.0000,0.0000,10000.0000,0.0000,0.0000,1202.4900,1202.4900,11202.4900,0.0000,0.0000,0.0000,0.0000,0.0000,0.0000,0.0000,0.0000,0.0000,0,0,0.0000,0.1202,0.1591,-0.0446,0.5680,0.1168,10283.8900,0.0070,2.4943447618260418e-05,0.22222267811678467
2022-12-28 00:00:00+05:30,11202.4900,11202.4900,0.0000,0.0000,10000.0000,0.0000,0.0000,1202.4900,1202.4900,11202.4900,0.0000,0.0000,0.0000,0.0000,0.0000,0.0000,0.0000,0.0000,0.0000,0,0,0.0000,0.1202,0.1588,-0.0446,0.5680,0.1168,10267.3891,-0.0016,-2.7599389477316017e-05,0.23232957940812934
2022-12-29 00:00:00+05:30,11190.9500,11190.9500,0.0000,0.0000,10000.0000,0.0000,0.0000,1190.9500,1190.9500,11190.9500,0.0000,0.0000,-11.5400,0.0000,0.0000,0.0000,0.0000,0.0000,0.0000,0,0,-0.0010,0.1191,0.1585,-0.0456,0.5320,0.1169,10326.0780,0.0057,-5.838550053025092e-05,0.22959396939083468
2022-12-30 00:00:00+05:30,11173.2700,11173.2700,0.0000,0.0000,10000.0000,0.0000,0.0000,1173.2700,1173.2700,11173.2700,0.0000,0.0000,-17.6800,0.0000,0.0000,0.0000,0.0000,0.0000,0.0000,0,0,-0.0016,0.1173,0.1582,-0.0471,0.6160,0.1166,10273.1446,-0.0051,-2.1098571748287705e-05,0.24489675083429688
